"id","year_week","participant_name","activity_flag","msg_uid","msg_datetime"
1,"2025-01","Helen",1,8694813216872814057,"2025-01-05 20:00:04"
2,"2025-01","Helen",1,8694813216872814057,"2025-01-05 20:00:04"
3,"2025-01","Helen",1,8694813216872814057,"2025-01-05 20:00:04"
4,"2025-01","Che",1,8694813216872814057,"2025-01-05 20:00:04"
5,"2025-01","Jason",1,8694813216872814057,"2025-01-05 20:00:04"
6,"2025-01","Ëè≤Ëè≤",1,8694813216872814057,"2025-01-05 20:00:04"
7,"2025-01","Huiyi",1,8694813216872814057,"2025-01-05 20:00:04"
8,"2025-01","Â∞èÊØÖ",1,8694813216872814057,"2025-01-05 20:00:04"
9,"2025-01","Â∞èÊØÖ",1,8694813216872814057,"2025-01-05 20:00:04"
10,"2025-01","Â∞èÊô®",1,8694813216872814057,"2025-01-05 20:00:04"
11,"2025-01","Sunnyboy",1,8694813216872814057,"2025-01-05 20:00:04"
12,"2025-01","Victor",1,8694813216872814057,"2025-01-05 20:00:04"
13,"2025-01","Adam",1,8694813216872814057,"2025-01-05 20:00:04"
14,"2025-01","Adam",1,5219110251553772109,"2025-01-05 20:00:16"
15,"2025-01","Adam",1,5219110251553772109,"2025-01-05 20:00:16"
16,"2025-01","Adam",1,5219110251553772109,"2025-01-05 20:00:16"
17,"2025-01","Adam",1,5219110251553772109,"2025-01-05 20:00:16"
18,"2025-01","Adam",1,2195123754205230318,"2025-01-05 20:00:22"
19,"2025-01","Jassoonk",1,7564838301782574959,"2025-01-05 20:00:26"
20,"2025-01","Adam",1,4010843988254022944,"2025-01-05 20:00:30"
21,"2025-01","Henry W",1,3982239401029273409,"2025-01-05 20:01:43"
22,"2025-01","Jeremy",1,3225841485012827795,"2025-01-05 20:04:22"
23,"2025-01","Henry L",1,4307085960365824712,"2025-01-05 20:09:37"
24,"2025-01","Jane",1,6152447403986613851,"2025-01-05 20:35:01"
25,"2025-01","Cyrus üê¥",1,7189450841737678917,"2025-01-05 21:06:37"
26,"2025-01","0.0",1,6687332910003199431,"2025-01-05 22:08:51"
27,"2025-01","Â∞èÊØÖ",1,7791264100480618872,"2025-01-06 10:08:26"
28,"2025-01","J",1,6468273514864168721,"2025-01-06 12:53:03"
29,"2025-01","J",3,8854420496697879486,"2025-01-06 15:09:44"
30,"2025-01","Victor",2,9022347681179262396,"2025-01-07 13:57:25"
31,"2025-01","Sam",1,4187565796993484595,"2025-01-07 15:53:46"
32,"2025-01","Sam",3,332329740073737754,"2025-01-07 16:17:06"
33,"2025-01","Cyrus üê¥",3,6935774007578448185,"2025-01-07 21:17:53"
34,"2025-01","Jeremy",3,1834916826639364137,"2025-01-07 23:04:14"
35,"2025-01","Â∞èÊØÖ",3,6755276039401803286,"2025-01-07 23:55:55"
36,"2025-01","Michelle Y",1,501834077612986603,"2025-01-08 10:23:27"
37,"2025-01","Â∞èÊØÖ",2,501834077612986603,"2025-01-08 10:23:27"
38,"2025-01","Â∞èÊØÖ",2,501834077612986603,"2025-01-08 10:23:27"
39,"2025-01","Adam",1,2013680721367782591,"2025-01-08 19:07:52"
40,"2025-01","Henry W",2,2013680721367782591,"2025-01-08 19:07:52"
41,"2025-01","Huiyi",2,2382948886680974728,"2025-01-09 14:50:24"
42,"2025-01","Henry L",2,5128887670262569328,"2025-01-09 17:25:05"
43,"2025-01","Michelle Y",2,2314743787215973441,"2025-01-09 20:47:06"
44,"2025-01","Adam",1,6206492595022607538,"2025-01-09 21:01:57"
45,"2025-01","Gordon",1,8231773289764362366,"2025-01-09 22:12:46"
46,"2025-01","Adam",2,5106254974831847751,"2025-01-09 22:19:15"
47,"2025-01","Adam",1,2804716958264375914,"2025-01-10 12:10:52"
48,"2025-01","Adam",3,3321305690798628020,"2025-01-10 19:20:01"
49,"2025-02","Helen",1,703965338246430234,"2025-01-12 20:00:12"
50,"2025-02","Helen",1,703965338246430234,"2025-01-12 20:00:12"
51,"2025-02","Helen",1,703965338246430234,"2025-01-12 20:00:12"
52,"2025-02","Â∞èÊñ∞",1,703965338246430234,"2025-01-12 20:00:12"
53,"2025-02","Â∞èÊØÖ",1,703965338246430234,"2025-01-12 20:00:12"
54,"2025-02","Â∞èÊØÖ",1,703965338246430234,"2025-01-12 20:00:12"
55,"2025-02","June",1,703965338246430234,"2025-01-12 20:00:12"
56,"2025-02","Ha",1,703965338246430234,"2025-01-12 20:00:12"
57,"2025-02","Ëè≤Ëè≤",1,703965338246430234,"2025-01-12 20:00:12"
58,"2025-02","Michelle",1,703965338246430234,"2025-01-12 20:00:12"
59,"2025-02","Michelle",1,703965338246430234,"2025-01-12 20:00:12"
60,"2025-02","Jason",1,703965338246430234,"2025-01-12 20:00:12"
61,"2025-02","Che",1,703965338246430234,"2025-01-12 20:00:12"
62,"2025-02","Sunnyboy",1,703965338246430234,"2025-01-12 20:00:12"
63,"2025-02","Victor",1,703965338246430234,"2025-01-12 20:00:12"
64,"2025-02","Adam",1,703965338246430234,"2025-01-12 20:00:12"
65,"2025-02","Adam",1,2328658693250799566,"2025-01-12 20:00:23"
66,"2025-02","Adam",1,2328658693250799566,"2025-01-12 20:00:23"
67,"2025-02","Adam",1,2328658693250799566,"2025-01-12 20:00:23"
68,"2025-02","Jassoonk",1,2987773337892700910,"2025-01-12 20:00:23"
69,"2025-02","Adam",2,2987773337892700910,"2025-01-12 20:00:23"
70,"2025-02","Adam",2,2987773337892700910,"2025-01-12 20:00:23"
71,"2025-02","Adam",2,2987773337892700910,"2025-01-12 20:00:23"
72,"2025-02","Adam",1,446844213694480394,"2025-01-12 20:00:32"
73,"2025-02","Adam",1,446844213694480394,"2025-01-12 20:00:32"
74,"2025-02","Adam",1,446844213694480394,"2025-01-12 20:00:32"
75,"2025-02","Adam",1,446844213694480394,"2025-01-12 20:00:32"
76,"2025-02","Adam",1,446844213694480394,"2025-01-12 20:00:32"
77,"2025-02","Adam",1,446844213694480394,"2025-01-12 20:00:32"
78,"2025-02","Adam",1,446844213694480394,"2025-01-12 20:00:32"
79,"2025-02","Jane",1,6939978137695848940,"2025-01-12 21:01:08"
80,"2025-02","adam",1,4582235029080221401,"2025-01-12 21:20:24"
81,"2025-02","0.0",1,1732432595714729099,"2025-01-12 21:32:11"
82,"2025-02","Henry",1,7986700592170124858,"2025-01-12 23:51:30"
83,"2025-02","Jin",1,449337615128195614,"2025-01-13 00:43:37"
84,"2025-02","Jin",1,449337615128195614,"2025-01-13 00:43:37"
85,"2025-02","Jin",1,449337615128195614,"2025-01-13 00:43:37"
86,"2025-02","Helen",2,9121516360852549661,"2025-01-15 19:00:32"
87,"2025-02","Helen",2,9121516360852549661,"2025-01-15 19:00:32"
88,"2025-02","adam",3,5784564227693351680,"2025-01-15 22:30:35"
89,"2025-02","Jin",3,4398968910982345302,"2025-01-15 22:51:41"
90,"2025-02","Jin",3,4398968910982345302,"2025-01-15 22:51:41"
91,"2025-02","Jin",3,4398968910982345302,"2025-01-15 22:51:41"
92,"2025-02","Ha",2,5121823113299290855,"2025-01-16 09:17:59"
93,"2025-02","Gordon",1,475730482952814224,"2025-01-16 10:19:36"
94,"2025-02","Michelle",2,5973332071635094547,"2025-01-16 13:09:26"
95,"2025-02","Michelle",2,5973332071635094547,"2025-01-16 13:09:26"
96,"2025-02","Jeremy",1,1850598777600145484,"2025-01-17 09:05:30"
97,"2025-02","Adam",2,2187578258596085945,"2025-01-17 09:23:58"
98,"2025-02","June",2,1230752129077968726,"2025-01-17 09:43:29"
99,"2025-02","Helen",2,1230752129077968726,"2025-01-17 09:43:29"
100,"2025-02","David",1,1100808979717415182,"2025-01-17 10:09:31"
101,"2025-02","Jeremy",3,7428470955061736991,"2025-01-17 11:29:15"
102,"2025-02","Jassoonk",1,8468996692794816607,"2025-01-17 16:14:11"
103,"2025-02","Jason",2,8433613423348916858,"2025-01-17 16:30:38"
104,"2025-03","Helen",1,5990135028886965976,"2025-01-19 20:00:04"
105,"2025-03","Helen",1,5990135028886965976,"2025-01-19 20:00:04"
106,"2025-03","Helen",1,5990135028886965976,"2025-01-19 20:00:04"
107,"2025-03","Ha",1,5990135028886965976,"2025-01-19 20:00:04"
108,"2025-03","June",1,5990135028886965976,"2025-01-19 20:00:04"
109,"2025-03","Jason",1,5990135028886965976,"2025-01-19 20:00:04"
110,"2025-03","Ëè≤Ëè≤",1,5990135028886965976,"2025-01-19 20:00:04"
111,"2025-03","Â∞èÊØÖ",1,5990135028886965976,"2025-01-19 20:00:04"
112,"2025-03","Â∞èÊØÖ",1,5990135028886965976,"2025-01-19 20:00:04"
113,"2025-03","Sunnyboy",1,5990135028886965976,"2025-01-19 20:00:04"
114,"2025-03","Â∞èÊñ∞",1,5990135028886965976,"2025-01-19 20:00:04"
115,"2025-03","Victor",1,5990135028886965976,"2025-01-19 20:00:04"
116,"2025-03","Adam",1,5990135028886965976,"2025-01-19 20:00:04"
117,"2025-03","Jassoonk",1,1747016176010744242,"2025-01-19 20:00:23"
118,"2025-03","üçà",1,6900434981335910762,"2025-01-19 20:00:24"
119,"2025-03","Adam",1,7098195765451908645,"2025-01-19 20:04:03"
120,"2025-03","Adam",1,7098195765451908645,"2025-01-19 20:04:03"
121,"2025-03","Adam",1,7098195765451908645,"2025-01-19 20:04:03"
122,"2025-03","Adam",1,7098195765451908645,"2025-01-19 20:04:03"
123,"2025-03","Adam",1,7098195765451908645,"2025-01-19 20:04:03"
124,"2025-03","Adam",1,3266048856069824704,"2025-01-19 20:04:11"
125,"2025-03","Lin",1,8181676429261889428,"2025-01-19 20:05:13"
126,"2025-03","‰∏ÄÊ∞ßÂåñ‰∫åÊ∞¢ÊúâÊØí",1,3517553505037639410,"2025-01-19 20:18:35"
127,"2025-03","Jin",1,6777686059774569881,"2025-01-19 22:15:26"
128,"2025-03","Michelle",1,6431183583893441556,"2025-01-19 22:54:54"
129,"2025-03","Michelle",1,7267968669833137457,"2025-01-19 22:55:09"
130,"2025-03","0.0",1,881831713092491536,"2025-01-19 22:55:20"
131,"2025-03","Mi",1,271764534205212260,"2025-01-20 00:22:29"
132,"2025-03","Mi",1,271764534205212260,"2025-01-20 00:22:29"
133,"2025-03","Mi",1,271764534205212260,"2025-01-20 00:22:29"
134,"2025-03","Mi",3,7945772549259755795,"2025-01-21 18:23:29"
135,"2025-03","Mi",3,7945772549259755795,"2025-01-21 18:23:29"
136,"2025-03","Mi",3,7945772549259755795,"2025-01-21 18:23:29"
137,"2025-03","Michelle",2,7945772549259755795,"2025-01-21 18:23:29"
138,"2025-03","Michelle",2,7945772549259755795,"2025-01-21 18:23:29"
139,"2025-03","Jin",3,4071689163105305140,"2025-01-22 09:41:47"
140,"2025-03","Cyrus üê¥",1,6718775868936704185,"2025-01-22 12:52:43"
141,"2025-03","Lin",3,289762094138221467,"2025-01-22 16:32:45"
142,"2025-03","Helen",2,1484265615116676563,"2025-01-22 17:27:28"
143,"2025-03","Helen",2,1484265615116676563,"2025-01-22 17:27:28"
144,"2025-03","Helen",2,1484265615116676563,"2025-01-22 17:27:28"
145,"2025-03","Jin",1,1484265615116676563,"2025-01-22 17:27:28"
146,"2025-03","Jin",1,1484265615116676563,"2025-01-22 17:27:28"
147,"2025-03","Jin",1,1484265615116676563,"2025-01-22 17:27:28"
148,"2025-03","Ha",2,1484265615116676563,"2025-01-22 17:27:28"
149,"2025-03","June",2,1484265615116676563,"2025-01-22 17:27:28"
150,"2025-03","xq",1,5999560502074397199,"2025-01-22 17:56:36"
151,"2025-03","lh",1,8782125844690926373,"2025-01-22 18:30:34"
152,"2025-03","xq",3,4499682545191234004,"2025-01-22 18:31:49"
153,"2025-03","lh",3,1513423691405533765,"2025-01-22 18:31:53"
154,"2025-03","Jason",2,7068061923226714202,"2025-01-23 16:12:11"
155,"2025-03","Cyrus üê¥",3,2216339589074917544,"2025-01-23 17:51:23"
156,"2025-03","Victor",2,639659951614752882,"2025-01-23 17:56:56"
157,"2025-03","XD",1,8792623851284408079,"2025-01-24 10:52:28"
158,"2025-03","Adam",2,6450691832699494752,"2025-01-24 11:00:55"
159,"2025-03","ËØ∑Âè´ÊàëüêíÂì•",1,3827394760745403877,"2025-01-24 12:56:14"
160,"2025-03","„Ö§·Ö†„Ö§„Ö§„Ö§„Ö§ :)",1,174828584661329038,"2025-01-24 15:26:03"
161,"2025-03","„Ö§·Ö†„Ö§„Ö§„Ö§„Ö§ :)",1,174828584661329038,"2025-01-24 15:26:03"
162,"2025-03","0.0",2,7010030394943858079,"2025-01-24 18:39:00"
163,"2025-03","„Ö§·Ö†„Ö§„Ö§„Ö§„Ö§ :)",3,5072531589776244682,"2025-01-24 18:40:35"
164,"2025-03","„Ö§·Ö†„Ö§„Ö§„Ö§„Ö§ :)",3,5072531589776244682,"2025-01-24 18:40:35"
165,"2025-03","ÂÖÑÂºü",1,6109382208864997095,"2025-01-24 18:41:02"
166,"2025-03","Â∞èÊñ∞",1,8756000658887778364,"2025-01-24 23:58:25"
167,"2025-03","Adam",2,8756000658887778364,"2025-01-24 23:58:25"
168,"2025-04","Helen",1,988058084454599484,"2025-01-26 20:00:21"
169,"2025-04","Helen",1,988058084454599484,"2025-01-26 20:00:21"
170,"2025-04","Helen",1,988058084454599484,"2025-01-26 20:00:21"
171,"2025-04","Ha",1,988058084454599484,"2025-01-26 20:00:21"
172,"2025-04","Michelle",1,988058084454599484,"2025-01-26 20:00:21"
173,"2025-04","Michelle",1,988058084454599484,"2025-01-26 20:00:21"
174,"2025-04","Jason",1,988058084454599484,"2025-01-26 20:00:21"
175,"2025-04","Ëè≤Ëè≤",1,988058084454599484,"2025-01-26 20:00:21"
176,"2025-04","Huiyi",1,988058084454599484,"2025-01-26 20:00:21"
177,"2025-04","Che",1,988058084454599484,"2025-01-26 20:00:21"
178,"2025-04","Â∞èÊô®",1,988058084454599484,"2025-01-26 20:00:21"
179,"2025-04","Sunnyboy",1,988058084454599484,"2025-01-26 20:00:21"
180,"2025-04","Victor",1,988058084454599484,"2025-01-26 20:00:21"
181,"2025-04","Adam",1,988058084454599484,"2025-01-26 20:00:21"
182,"2025-04","Lin",1,6492797341672368737,"2025-01-26 20:00:28"
183,"2025-04","Victor",1,3320276612226525113,"2025-01-26 20:00:28"
184,"2025-04","Jassoonk",1,8146689059805514118,"2025-01-26 20:00:30"
185,"2025-04","Victor",1,2560893348267815655,"2025-01-26 20:00:32"
186,"2025-04","Jassoonk",1,4981314897834384391,"2025-01-26 20:00:42"
187,"2025-04","Victor",1,8938294942859797090,"2025-01-26 20:01:25"
188,"2025-04","Jassoonk",1,8711963308782364664,"2025-01-26 20:02:30"
189,"2025-04","Grace",1,6557252125906553872,"2025-01-26 20:16:42"
190,"2025-04","Mia",1,6557252125906553872,"2025-01-26 20:16:42"
191,"2025-04","Henry W",1,7074769142266135862,"2025-01-26 20:22:46"
192,"2025-04","Henry W",1,8274436802021234838,"2025-01-26 20:23:02"
193,"2025-04","‰∏ÄÊ∞ßÂåñ‰∫åÊ∞¢ÊúâÊØí",1,262461387104408819,"2025-01-26 20:31:10"
194,"2025-04","Â∞èe",1,8561431358298974299,"2025-01-26 20:32:55"
195,"2025-04","Â∞èe",1,8561431358298974299,"2025-01-26 20:32:55"
196,"2025-04","Adam",1,2832275229461740814,"2025-01-26 20:35:16"
197,"2025-04","Adam",1,2832275229461740814,"2025-01-26 20:35:16"
198,"2025-04","Adam",1,2832275229461740814,"2025-01-26 20:35:16"
199,"2025-04","Adam",1,2832275229461740814,"2025-01-26 20:35:16"
200,"2025-04","Adam",1,2832275229461740814,"2025-01-26 20:35:16"
201,"2025-04","Adam",1,2832275229461740814,"2025-01-26 20:35:16"
202,"2025-04","Adam",1,2832275229461740814,"2025-01-26 20:35:16"
203,"2025-04","Adam",1,2832275229461740814,"2025-01-26 20:35:16"
204,"2025-04","0.0",1,2120223209375639327,"2025-01-26 20:37:39"
205,"2025-04","Â∞èe",3,3584145571571904160,"2025-01-26 22:35:19"
206,"2025-04","Â∞èe",3,3584145571571904160,"2025-01-26 22:35:19"
207,"2025-04","‰∏ÄÊ∞ßÂåñ‰∫åÊ∞¢ÊúâÊØí",3,7390664190225667535,"2025-01-30 03:39:52"
208,"2025-04","Jassoonk",1,6008391648902645110,"2025-01-30 10:19:11"
209,"2025-04","Adam",3,6008391648902645110,"2025-01-30 10:19:11"
210,"2025-04","Adam",3,6008391648902645110,"2025-01-30 10:19:11"
211,"2025-04","Adam",3,6008391648902645110,"2025-01-30 10:19:11"
212,"2025-04","Adam",3,6008391648902645110,"2025-01-30 10:19:11"
213,"2025-04","Adam",3,6008391648902645110,"2025-01-30 10:19:11"
214,"2025-04","Adam",3,6008391648902645110,"2025-01-30 10:19:11"
215,"2025-04","Adam",3,6008391648902645110,"2025-01-30 10:19:11"
216,"2025-04","Adam",3,6008391648902645110,"2025-01-30 10:19:11"
217,"2025-04","Adam",1,4620535871258818745,"2025-01-30 11:57:58"
218,"2025-04","Henry L",1,6233714515000653495,"2025-01-30 13:06:12"
219,"2025-04","Jassoonk",2,6233714515000653495,"2025-01-30 13:06:12"
220,"2025-04","Jassoonk",3,6233714515000653495,"2025-01-30 13:06:12"
221,"2025-04","Helen",1,8841192498301240809,"2025-01-30 14:10:32"
222,"2025-04","Helen",1,8841192498301240809,"2025-01-30 14:10:32"
223,"2025-04","Jassoonk",1,8841192498301240809,"2025-01-30 14:10:32"
224,"2025-04","Jassoonk",1,8841192498301240809,"2025-01-30 14:10:32"
225,"2025-04","Michelle",2,8841192498301240809,"2025-01-30 14:10:32"
226,"2025-04","Jassoonk",3,305636786774087136,"2025-01-30 15:36:44"
227,"2025-04","Ha",2,8760609392336525922,"2025-01-30 15:41:41"
228,"2025-04","Grace",3,6508669969126636975,"2025-01-30 18:40:24"
229,"2025-04","Mia",3,6508669969126636975,"2025-01-30 18:40:24"
230,"2025-04","Henry W",3,74918109843734539,"2025-01-30 20:42:44"
231,"2025-04","Henry W",3,74918109843734539,"2025-01-30 20:42:44"
232,"2025-04","0.0",3,5336151896066837243,"2025-01-31 14:21:26"
233,"2025-05","Helen",1,5842219346729723954,"2025-02-02 20:00:45"
234,"2025-05","Helen",1,5842219346729723954,"2025-02-02 20:00:45"
235,"2025-05","Helen",1,5842219346729723954,"2025-02-02 20:00:45"
236,"2025-05","Ha",1,5842219346729723954,"2025-02-02 20:00:45"
237,"2025-05","June",1,5842219346729723954,"2025-02-02 20:00:45"
238,"2025-05","Che",1,5842219346729723954,"2025-02-02 20:00:45"
239,"2025-05","Â∞èÊñ∞",1,5842219346729723954,"2025-02-02 20:00:45"
240,"2025-05","Huiyi",1,5842219346729723954,"2025-02-02 20:00:45"
241,"2025-05","Michelle",1,5842219346729723954,"2025-02-02 20:00:45"
242,"2025-05","Michelle",1,5842219346729723954,"2025-02-02 20:00:45"
243,"2025-05","Jason",1,5842219346729723954,"2025-02-02 20:00:45"
244,"2025-05","Ëè≤Ëè≤",1,5842219346729723954,"2025-02-02 20:00:45"
245,"2025-05","Â∞èÊØÖ",1,5842219346729723954,"2025-02-02 20:00:45"
246,"2025-05","Â∞èÊØÖ",1,5842219346729723954,"2025-02-02 20:00:45"
247,"2025-05","Sunnyboy",1,5842219346729723954,"2025-02-02 20:00:45"
248,"2025-05","Victor",1,5842219346729723954,"2025-02-02 20:00:45"
249,"2025-05","Adam",1,5842219346729723954,"2025-02-02 20:00:45"
250,"2025-05","Jassoonk",1,8295634157950874996,"2025-02-02 20:00:56"
251,"2025-05","Jassoonk",1,8295634157950874996,"2025-02-02 20:00:56"
252,"2025-05","Lin",1,5339719283636733520,"2025-02-02 20:02:45"
253,"2025-05","Milo",1,6839347640253207205,"2025-02-02 20:03:22"
254,"2025-05","Henry W",1,7959524776035094674,"2025-02-02 21:06:03"
255,"2025-05","SunnyBoy",1,2336173647922462397,"2025-02-02 21:42:02"
256,"2025-05","‰∏ÄÊ∞ßÂåñ‰∫åÊ∞¢ÊúâÊØí",1,8575712451450553955,"2025-02-02 22:15:26"
257,"2025-05","0.0",1,2750447426497533774,"2025-02-02 22:17:48"
258,"2025-05","Lin",2,8479615087829098756,"2025-02-05 10:00:16"
259,"2025-05","Helen",2,7166577360516098242,"2025-02-05 10:08:16"
260,"2025-05","Helen",2,7166577360516098242,"2025-02-05 10:08:16"
261,"2025-05","Ha",2,5302550287149344700,"2025-02-05 12:12:50"
262,"2025-05","üêµÂì•",1,3666574295533553773,"2025-02-05 18:48:29"
263,"2025-05","Michelle",2,3666574295533553773,"2025-02-05 18:48:29"
264,"2025-05","Michelle",2,3666574295533553773,"2025-02-05 18:48:29"
265,"2025-05","Henry W",1,9190672070876627491,"2025-02-05 22:35:29"
266,"2025-05","Milo",2,8832325478314445546,"2025-02-06 11:14:56"
267,"2025-05","Che",2,183969156670810892,"2025-02-06 12:32:34"
268,"2025-05","wk",1,288809915254589731,"2025-02-06 12:33:45"
269,"2025-05","YH.W",1,7974917351137484662,"2025-02-06 20:00:30"
270,"2025-05","YH.W",1,7974917351137484662,"2025-02-06 20:00:30"
271,"2025-05","Â∞èÊØÖ",2,7318541768229887350,"2025-02-07 09:21:23"
272,"2025-05","Â∞èÊØÖ",2,7318541768229887350,"2025-02-07 09:21:23"
273,"2025-05","Sunnyboy",2,2118981580749027047,"2025-02-07 09:45:09"
274,"2025-05","milo",1,905176587605416121,"2025-02-07 10:46:28"
275,"2025-05","shawn",1,998953240258808613,"2025-02-07 11:45:51"
276,"2025-05","Helen",2,2854507480748925328,"2025-02-07 18:14:45"
277,"2025-05","xq",1,3962263542504149526,"2025-02-07 20:29:19"
278,"2025-05","bby",1,3962263542504149526,"2025-02-07 20:29:19"
279,"2025-05","Â∞èÊñ∞",2,302870917798281214,"2025-02-07 20:29:56"
280,"2025-06","Helen",1,7776785785184458075,"2025-02-09 20:10:03"
281,"2025-06","Ha",1,7776785785184458075,"2025-02-09 20:10:03"
282,"2025-06","June",1,7776785785184458075,"2025-02-09 20:10:03"
283,"2025-06","Michelle",1,7776785785184458075,"2025-02-09 20:10:03"
284,"2025-06","Michelle",1,7776785785184458075,"2025-02-09 20:10:03"
285,"2025-06","Jason",1,7776785785184458075,"2025-02-09 20:10:03"
286,"2025-06","Ëè≤Ëè≤",1,7776785785184458075,"2025-02-09 20:10:03"
287,"2025-06","Â∞èÊô®",1,7776785785184458075,"2025-02-09 20:10:03"
288,"2025-06","Â∞èÊñ∞",1,7776785785184458075,"2025-02-09 20:10:03"
289,"2025-06","Che",1,7776785785184458075,"2025-02-09 20:10:03"
290,"2025-06","Huiyi",1,7776785785184458075,"2025-02-09 20:10:03"
291,"2025-06","Â∞èÊØÖ",1,7776785785184458075,"2025-02-09 20:10:03"
292,"2025-06","Â∞èÊØÖ",1,7776785785184458075,"2025-02-09 20:10:03"
293,"2025-06","Sunnyboy",1,7776785785184458075,"2025-02-09 20:10:03"
294,"2025-06","Victor",1,7776785785184458075,"2025-02-09 20:10:03"
295,"2025-06","Adam",1,7776785785184458075,"2025-02-09 20:10:03"
296,"2025-06","Jassoonk",1,7755602474306255595,"2025-02-09 20:10:16"
297,"2025-06","0.0",1,7645500227450470175,"2025-02-09 20:10:23"
298,"2025-06","Jassoonk",1,648503879267761113,"2025-02-09 20:10:25"
299,"2025-06","Adam",1,7628870413236249500,"2025-02-09 20:10:29"
300,"2025-06","Adam",1,7628870413236249500,"2025-02-09 20:10:29"
301,"2025-06","Adam",1,7628870413236249500,"2025-02-09 20:10:29"
302,"2025-06","Adam",1,7628870413236249500,"2025-02-09 20:10:29"
303,"2025-06","Adam",1,7628870413236249500,"2025-02-09 20:10:29"
304,"2025-06","Adam",1,7628870413236249500,"2025-02-09 20:10:29"
305,"2025-06","Ëè≤Ëè≤",2,2226785923220640120,"2025-02-09 20:16:24"
306,"2025-06","Â∞èÊô®",2,2226785923220640120,"2025-02-09 20:16:24"
307,"2025-06","Jassoonk",2,6803581049391578012,"2025-02-09 20:56:58"
308,"2025-06","Henry W",1,2497558756700702908,"2025-02-09 21:07:24"
309,"2025-06","Henry W",1,3088894645682503999,"2025-02-09 21:07:34"
310,"2025-06","‰∏ÄÊ∞ßÂåñ‰∫åÊ∞¢ÊúâÊØí",1,4076379372027704156,"2025-02-09 21:37:31"
311,"2025-06","Michelle",2,1702475143920081082,"2025-02-09 23:24:34"
312,"2025-06","Michelle",2,1702475143920081082,"2025-02-09 23:24:34"
313,"2025-06","Â∞èÊØÖ",2,2936368606348762977,"2025-02-10 00:11:03"
314,"2025-06","Â∞èÊØÖ",2,2936368606348762977,"2025-02-10 00:11:03"
315,"2025-06","Henry W",2,5556988291103359819,"2025-02-10 18:37:54"
316,"2025-06","Henry W",2,5556988291103359819,"2025-02-10 18:37:54"
317,"2025-06","0.0",2,7222684335676354919,"2025-02-10 23:07:31"
318,"2025-06","‰∏ÄÊ∞ßÂåñ‰∫åÊ∞¢ÊúâÊØí",2,1024561287201805219,"2025-02-11 15:10:34"
319,"2025-06","SunnyBoy",1,8270402535097810104,"2025-02-11 15:45:54"
320,"2025-06","Adam",2,3261711614999431632,"2025-02-11 17:14:53"
321,"2025-06","Adam",2,3261711614999431632,"2025-02-11 17:14:53"
322,"2025-06","Lin",1,7826112317374422412,"2025-02-13 15:30:48"
323,"2025-06","Adam",1,6190374224291289291,"2025-02-14 09:32:00"
324,"2025-06","Henry",1,4720433282188579069,"2025-02-14 12:18:15"
325,"2025-06","üçà",1,8781613530549066283,"2025-02-14 16:18:22"
326,"2025-07","Helen",1,827118153104972665,"2025-02-16 21:52:46"
327,"2025-07","Ha",1,827118153104972665,"2025-02-16 21:52:46"
328,"2025-07","June",1,827118153104972665,"2025-02-16 21:52:46"
329,"2025-07","Jason",1,827118153104972665,"2025-02-16 21:52:46"
330,"2025-07","Che",1,827118153104972665,"2025-02-16 21:52:46"
331,"2025-07","Huiyi",1,827118153104972665,"2025-02-16 21:52:46"
332,"2025-07","Â∞èÊñ∞",1,827118153104972665,"2025-02-16 21:52:46"
333,"2025-07","Ëè≤Ëè≤",1,827118153104972665,"2025-02-16 21:52:46"
334,"2025-07","sunnyboy",1,827118153104972665,"2025-02-16 21:52:46"
335,"2025-07","Â∞èÊØÖ",1,827118153104972665,"2025-02-16 21:52:46"
336,"2025-07","Â∞èÊØÖ",1,827118153104972665,"2025-02-16 21:52:46"
337,"2025-07","victor",1,827118153104972665,"2025-02-16 21:52:46"
338,"2025-07","Adam",1,827118153104972665,"2025-02-16 21:52:46"
339,"2025-07","YH.W",1,1436081743554686965,"2025-02-16 21:53:08"
340,"2025-07","0.0",1,3820497883532288068,"2025-02-16 21:53:15"
341,"2025-07","Â∞èÊØÖ",1,8397118725543271681,"2025-02-16 21:53:22"
342,"2025-07","SunnyBoy",1,2845970181176263250,"2025-02-16 21:53:40"
343,"2025-07","YH.W",1,7192990290767837158,"2025-02-16 21:53:41"
344,"2025-07","YH.W",1,7192990290767837158,"2025-02-16 21:53:41"
345,"2025-07","YH.W",1,7192990290767837158,"2025-02-16 21:53:41"
346,"2025-07","YH.W",1,7192990290767837158,"2025-02-16 21:53:41"
347,"2025-07","YH.W",1,7192990290767837158,"2025-02-16 21:53:41"
348,"2025-07","YH.W",1,7192990290767837158,"2025-02-16 21:53:41"
349,"2025-07","Ha",2,6841713636360216846,"2025-02-16 21:54:40"
350,"2025-07","Cyrus üê¥",1,845207288754187227,"2025-02-17 00:11:49"
351,"2025-07","Cyrus üê¥",3,7137043961009399305,"2025-02-18 17:56:22"
352,"2025-07","‰∏ÄÊ∞ßÂåñ‰∫åÊ∞¢ÊúâÊØí",1,4552218513289520437,"2025-02-18 17:57:09"
353,"2025-07","0.0",2,4251955340772714011,"2025-02-19 12:27:22"
354,"2025-07","‰∏ÄÊ∞ßÂåñ‰∫åÊ∞¢ÊúâÊØí",3,5842006213180584082,"2025-02-20 00:16:54"
355,"2025-07","Lin",1,5883402016513800033,"2025-02-20 10:24:12"
356,"2025-07","owen",1,6184711025970098757,"2025-02-20 10:26:23"
357,"2025-07","owen",1,6184711025970098757,"2025-02-20 10:26:23"
358,"2025-07","June",2,281439361386878892,"2025-02-20 10:27:01"
359,"2025-07","SunnyBoy",2,3299169025253366401,"2025-02-20 10:28:17"
360,"2025-07","Lin",3,9137193686428822995,"2025-02-20 10:28:58"
361,"2025-07","Â∞èÊØÖ",3,6021912709836278339,"2025-02-20 12:46:29"
362,"2025-07","Cheng",1,465000666007038580,"2025-02-20 13:18:20"
363,"2025-07","YH.W",3,3113683995151073587,"2025-02-20 13:27:19"
364,"2025-07","Wl- shawn",1,605466325592705611,"2025-02-21 15:25:07"
365,"2025-07","Wl- shawn",3,491962133128075196,"2025-02-21 16:22:08"
366,"2025-07","Henry",1,5058467634752894994,"2025-02-21 18:05:33"
367,"2025-07","Helen",2,2638640124369988472,"2025-02-21 19:15:09"
368,"2025-08","Helen",1,7659448675148238304,"2025-02-23 20:00:06"
369,"2025-08","June",1,7659448675148238304,"2025-02-23 20:00:06"
370,"2025-08","Â∞èÊñ∞",1,7659448675148238304,"2025-02-23 20:00:06"
371,"2025-08","che",1,7659448675148238304,"2025-02-23 20:00:06"
372,"2025-08","huiyi",1,7659448675148238304,"2025-02-23 20:00:06"
373,"2025-08","Jason",1,7659448675148238304,"2025-02-23 20:00:06"
374,"2025-08","Ëè≤Ëè≤",1,7659448675148238304,"2025-02-23 20:00:06"
375,"2025-08","Â∞èÊØÖ",1,7659448675148238304,"2025-02-23 20:00:06"
376,"2025-08","Â∞èÊØÖ",1,7659448675148238304,"2025-02-23 20:00:06"
377,"2025-08","sunnyboy",1,7659448675148238304,"2025-02-23 20:00:06"
378,"2025-08","victor",1,7659448675148238304,"2025-02-23 20:00:06"
379,"2025-08","Adam",1,7659448675148238304,"2025-02-23 20:00:06"
380,"2025-08","Cyrus üê¥",1,1729631109661541392,"2025-02-23 20:00:14"
381,"2025-08","Jassoonk",1,5321659265712872313,"2025-02-23 20:00:14"
382,"2025-08","Adam",1,938723365977208899,"2025-02-23 20:00:26"
383,"2025-08","Adam",1,938723365977208899,"2025-02-23 20:00:26"
384,"2025-08","Adam",1,938723365977208899,"2025-02-23 20:00:26"
385,"2025-08","Adam",1,938723365977208899,"2025-02-23 20:00:26"
386,"2025-08","Adam",1,938723365977208899,"2025-02-23 20:00:26"
387,"2025-08","Adam",1,938723365977208899,"2025-02-23 20:00:26"
388,"2025-08","Lin",1,1393101547446283565,"2025-02-23 20:00:41"
389,"2025-08","Jassoonk",1,5931586599558234296,"2025-02-23 20:00:44"
390,"2025-08","Helen",1,6192918398754476514,"2025-02-23 20:07:53"
391,"2025-08","Jason",2,6192918398754476514,"2025-02-23 20:07:53"
392,"2025-08","SunnyBoy",1,8742275198202926075,"2025-02-23 20:22:14"
393,"2025-08","0.0",1,1487928318453346962,"2025-02-23 20:40:33"
394,"2025-08","‰∏ÄÊ∞ßÂåñ‰∫åÊ∞¢ÊúâÊØí",1,4139815195891290283,"2025-02-23 22:04:02"
395,"2025-08","Lee",1,1510533024651559089,"2025-02-23 22:13:44"
396,"2025-08","Cheng",1,4592559162182302537,"2025-02-24 00:01:01"
397,"2025-08","Miranda Wu",1,7614106236377271255,"2025-02-25 00:13:26"
398,"2025-08","ÂèØÂÑø",1,7614106236377271255,"2025-02-25 00:13:26"
399,"2025-08","YH.W",1,8021472169139034802,"2025-02-25 13:20:05"
400,"2025-08","Helen",1,2460012630776975542,"2025-02-26 11:11:09"
401,"2025-08","Helen",1,2460012630776975542,"2025-02-26 11:11:09"
402,"2025-08","Â∞èÊØÖ",2,2460012630776975542,"2025-02-26 11:11:09"
403,"2025-08","Â∞èÊØÖ",2,2460012630776975542,"2025-02-26 11:11:09"
404,"2025-08","SunnyBoy",3,4148623865518323186,"2025-02-26 15:56:52"
405,"2025-08","Helen",1,7132208069442045043,"2025-02-26 16:21:45"
406,"2025-08","sunnyboy",2,7132208069442045043,"2025-02-26 16:21:45"
407,"2025-08","YH.W",3,6548798570111217673,"2025-02-26 16:22:26"
408,"2025-08","Lin",3,1498848922743269893,"2025-02-26 16:35:45"
409,"2025-08","Helen",2,7130793405252071432,"2025-02-27 15:17:11"
410,"2025-08","sunnyboy",2,7130793405252071432,"2025-02-27 15:17:11"
411,"2025-08","linyi",1,2271113913130515168,"2025-02-27 15:38:19"
412,"2025-08","linyi",1,2271113913130515168,"2025-02-27 15:38:19"
413,"2025-08","linyi",3,4441473574735356924,"2025-02-28 02:15:23"
414,"2025-08","linyi",3,4441473574735356924,"2025-02-28 02:15:23"
415,"2025-08","0.0",3,7723013490457058573,"2025-02-28 14:26:31"
416,"2025-08","Miranda Wu",3,859802135578206669,"2025-02-28 16:03:28"
417,"2025-08","ÂèØÂÑø",3,859802135578206669,"2025-02-28 16:03:28"
418,"2025-09","Helen",1,2147518249016826660,"2025-03-02 20:05:10"
419,"2025-09","Helen",1,2147518249016826660,"2025-03-02 20:05:10"
420,"2025-09","Jason",1,2147518249016826660,"2025-03-02 20:05:10"
421,"2025-09","Ëè≤Ëè≤",1,2147518249016826660,"2025-03-02 20:05:10"
422,"2025-09","huiyi",1,2147518249016826660,"2025-03-02 20:05:10"
423,"2025-09","che",1,2147518249016826660,"2025-03-02 20:05:10"
424,"2025-09","Â∞èÊñ∞",1,2147518249016826660,"2025-03-02 20:05:10"
425,"2025-09","Sunnyboy",1,2147518249016826660,"2025-03-02 20:05:10"
426,"2025-09","Victor",1,2147518249016826660,"2025-03-02 20:05:10"
427,"2025-09","Adam",1,2147518249016826660,"2025-03-02 20:05:10"
428,"2025-09","Adam",1,479175350002080482,"2025-03-02 20:05:53"
429,"2025-09","Adam",1,479175350002080482,"2025-03-02 20:05:53"
430,"2025-09","Adam",1,479175350002080482,"2025-03-02 20:05:53"
431,"2025-09","Adam",1,479175350002080482,"2025-03-02 20:05:53"
432,"2025-09","Adam",1,479175350002080482,"2025-03-02 20:05:53"
433,"2025-09","Adam",1,479175350002080482,"2025-03-02 20:05:53"
434,"2025-09","Adam",1,3478870454533802772,"2025-03-02 20:06:02"
435,"2025-09","lh",1,4383715226979325279,"2025-03-02 20:06:02"
436,"2025-09","YH.W",1,620656493258005630,"2025-03-02 20:06:06"
437,"2025-09","YH.W",1,620656493258005630,"2025-03-02 20:06:06"
438,"2025-09","YH.W",1,620656493258005630,"2025-03-02 20:06:06"
439,"2025-09","YH.W",1,620656493258005630,"2025-03-02 20:06:06"
440,"2025-09","YH.W",1,620656493258005630,"2025-03-02 20:06:06"
441,"2025-09","YH.W",1,620656493258005630,"2025-03-02 20:06:06"
442,"2025-09","YH.W",3,8883735681246042341,"2025-03-02 20:06:44"
443,"2025-09","YH.W",3,8883735681246042341,"2025-03-02 20:06:44"
444,"2025-09","YH.W",3,8883735681246042341,"2025-03-02 20:06:44"
445,"2025-09","YH.W",3,8883735681246042341,"2025-03-02 20:06:44"
446,"2025-09","YH.W",3,8883735681246042341,"2025-03-02 20:06:44"
447,"2025-09","YH.W",3,8883735681246042341,"2025-03-02 20:06:44"
448,"2025-09","Êòï‰ªî Carol",1,9106425339238456715,"2025-03-02 20:08:51"
449,"2025-09","Tommy",1,9106425339238456715,"2025-03-02 20:08:51"
450,"2025-09","Jassoonk",1,2912943727277843676,"2025-03-02 20:09:15"
451,"2025-09","Jassoonk",1,3902563462088776890,"2025-03-02 20:09:27"
452,"2025-09","Gordon",1,6205214462477269191,"2025-03-02 21:48:22"
453,"2025-09","Kevin",1,5814898967012097228,"2025-03-02 22:56:36"
454,"2025-09","Julia",1,4392731382747840097,"2025-03-02 23:07:02"
455,"2025-09","SunnyBoy",1,4377109661177439723,"2025-03-02 23:07:03"
456,"2025-09","0.0",1,3346196874784766158,"2025-03-03 00:21:44"
457,"2025-09","Cheng",1,1052688275118802796,"2025-03-03 09:51:05"
458,"2025-09","Helen",2,5815271337340493539,"2025-03-04 10:55:11"
459,"2025-09","Helen",2,5815271337340493539,"2025-03-04 10:55:11"
460,"2025-09","Ëë£Â§ßÂ£Æ",1,7856605477351288650,"2025-03-04 11:20:05"
461,"2025-09","Ëë£Â§ßÂ£Æ",3,558309672423452597,"2025-03-04 12:22:21"
462,"2025-09","Kevin",3,5814898967012097228,"2025-03-05 14:25:27"
463,"2025-09","Adam",2,9017033788880247985,"2025-03-06 09:34:41"
464,"2025-09","Adam",2,9017033788880247985,"2025-03-06 09:34:41"
465,"2025-09","0.0",3,7879659087281368978,"2025-03-06 10:03:30"
466,"2025-09","che",2,8031435182080698349,"2025-03-06 13:58:17"
467,"2025-09","Adam",2,6058079916839512453,"2025-03-06 14:20:26"
468,"2025-09","Ha",1,1549666988273499723,"2025-03-06 14:57:56"
469,"2025-09","ËØ∑Âè´ÊàëüêíÂì•",1,2882482415428886901,"2025-03-06 15:26:27"
470,"2025-09","Ha",2,1180768109012231337,"2025-03-06 15:26:51"
471,"2025-09","lh",2,5051441274005539223,"2025-03-06 19:30:24"
472,"2025-09","Â∞èÊñ∞",2,2905238888913865408,"2025-03-06 19:37:29"
473,"2025-09","huiyi",2,2905238888913865408,"2025-03-06 19:37:29"
474,"2025-09","Gordon",2,7849706275392709578,"2025-03-06 20:55:59"
475,"2025-09","Shawn",1,7914438577897479548,"2025-03-06 21:02:32"
476,"2025-09","Â§úÁÉõ",1,5211128372353913785,"2025-03-06 22:40:15"
477,"2025-09","Â§úÁÉõ",1,5211128372353913785,"2025-03-06 22:40:15"
478,"2025-09","Â§úÁÉõ",1,5211128372353913785,"2025-03-06 22:40:15"
479,"2025-10","Helen",1,8892196906997201583,"2025-03-09 20:00:03"
480,"2025-10","Helen",1,8892196906997201583,"2025-03-09 20:00:03"
481,"2025-10","Helen",1,8892196906997201583,"2025-03-09 20:00:03"
482,"2025-10","Helen",1,8892196906997201583,"2025-03-09 20:00:03"
483,"2025-10","Helen",1,8892196906997201583,"2025-03-09 20:00:03"
484,"2025-10","June",1,8892196906997201583,"2025-03-09 20:00:03"
485,"2025-10","Jason",1,8892196906997201583,"2025-03-09 20:00:03"
486,"2025-10","Ëè≤Ëè≤",1,8892196906997201583,"2025-03-09 20:00:03"
487,"2025-10","Â∞èÊØÖ",1,8892196906997201583,"2025-03-09 20:00:03"
488,"2025-10","Â∞èÊØÖ",1,8892196906997201583,"2025-03-09 20:00:03"
489,"2025-10","Sunnyboy",1,8892196906997201583,"2025-03-09 20:00:03"
490,"2025-10","Victor",1,8892196906997201583,"2025-03-09 20:00:03"
491,"2025-10","Adam",1,8892196906997201583,"2025-03-09 20:00:03"
492,"2025-10","Jassoonk",1,6099050493118883160,"2025-03-09 20:00:17"
493,"2025-10","Jassoonk",1,6099050493118883160,"2025-03-09 20:00:17"
494,"2025-10","Adam",1,87147100460584753,"2025-03-09 20:00:19"
495,"2025-10","Adam",1,87147100460584753,"2025-03-09 20:00:19"
496,"2025-10","Adam",1,87147100460584753,"2025-03-09 20:00:19"
497,"2025-10","Adam",1,87147100460584753,"2025-03-09 20:00:19"
498,"2025-10","Adam",1,87147100460584753,"2025-03-09 20:00:19"
499,"2025-10","Adam",1,6364737882138084413,"2025-03-09 20:00:27"
500,"2025-10","Cyrus üê¥",1,9207802883207108014,"2025-03-09 20:00:46"
501,"2025-10","Jassoonk",1,1448560958939415231,"2025-03-09 20:01:01"
502,"2025-10","Kevin",1,6157860832419458907,"2025-03-09 20:08:16"
503,"2025-10","SunnyBoy",1,619450584604922231,"2025-03-09 20:13:04"
504,"2025-10","Cheng",1,8505904916994161376,"2025-03-09 21:25:46"
505,"2025-10","0.0",1,3803848127176104712,"2025-03-09 21:27:19"
506,"2025-10","Ëë£Â§ßÂ£Æ",1,5197430596543713003,"2025-03-10 00:34:33"
507,"2025-10","Lin",1,6615495381287057323,"2025-03-10 20:41:58"
508,"2025-10","wejfia",1,2216988403075885448,"2025-03-12 11:38:33"
509,"2025-10","Jercy",1,7159172630410422613,"2025-03-12 12:08:13"
510,"2025-10","Victor",2,7159172630410422613,"2025-03-12 12:08:13"
511,"2025-10","June",2,3171510912528390571,"2025-03-12 12:19:13"
512,"2025-10","Helen",2,3171510912528390571,"2025-03-12 12:19:13"
513,"2025-10","Jerry",1,635612805818787936,"2025-03-12 12:43:13"
514,"2025-10","Jerry",1,5034443955258317928,"2025-03-12 12:44:05"
515,"2025-10","Kevin",3,8358044275231552961,"2025-03-13 20:29:11"
516,"2025-10","Â∞èÊØÖ",2,3893300375286497290,"2025-03-13 21:12:25"
517,"2025-10","Lin",3,2071869849967504915,"2025-03-13 22:24:15"
518,"2025-10","Ëë£Â§ßÂ£Æ",3,4397613026107617581,"2025-03-13 23:31:27"
519,"2025-10","Helen",2,7429135287728898962,"2025-03-14 17:54:09"
520,"2025-11","Helen",1,8566242523678650923,"2025-03-16 20:00:58"
521,"2025-11","June",1,8566242523678650923,"2025-03-16 20:00:58"
522,"2025-11","Kevin üêè",1,8566242523678650923,"2025-03-16 20:00:58"
523,"2025-11","Jason",1,8566242523678650923,"2025-03-16 20:00:58"
524,"2025-11","Che",1,8566242523678650923,"2025-03-16 20:00:58"
525,"2025-11","Huiyi",1,8566242523678650923,"2025-03-16 20:00:58"
526,"2025-11","Â∞èÊô®",1,8566242523678650923,"2025-03-16 20:00:58"
527,"2025-11","Â∞èÊñ∞",1,8566242523678650923,"2025-03-16 20:00:58"
528,"2025-11","Ëè≤Ëè≤",1,8566242523678650923,"2025-03-16 20:00:58"
529,"2025-11","Â∞èÊØÖ",1,8566242523678650923,"2025-03-16 20:00:58"
530,"2025-11","Â∞èÊØÖ",1,8566242523678650923,"2025-03-16 20:00:58"
531,"2025-11","Julia",1,8566242523678650923,"2025-03-16 20:00:58"
532,"2025-11","Julia",1,8566242523678650923,"2025-03-16 20:00:58"
533,"2025-11","Sunnyboy",1,8566242523678650923,"2025-03-16 20:00:58"
534,"2025-11","Victor",1,8566242523678650923,"2025-03-16 20:00:58"
535,"2025-11","Adam",1,8566242523678650923,"2025-03-16 20:00:58"
536,"2025-11","Jassoonk",1,5140586701470850965,"2025-03-16 20:01:09"
537,"2025-11","Jassoonk",1,5140586701470850965,"2025-03-16 20:01:09"
538,"2025-11","Adam",1,3960347219552242276,"2025-03-16 20:01:10"
539,"2025-11","Adam",1,3960347219552242276,"2025-03-16 20:01:10"
540,"2025-11","Adam",1,3960347219552242276,"2025-03-16 20:01:10"
541,"2025-11","Adam",1,3960347219552242276,"2025-03-16 20:01:10"
542,"2025-11","Kevin",1,9023614994451836650,"2025-03-16 20:01:14"
543,"2025-11","Adam",1,2372037250094493239,"2025-03-16 20:01:21"
544,"2025-11","Adam",1,2372037250094493239,"2025-03-16 20:01:21"
545,"2025-11","Adam",1,2372037250094493239,"2025-03-16 20:01:21"
546,"2025-11","Adam",1,2372037250094493239,"2025-03-16 20:01:21"
547,"2025-11","Jassoonk",1,4160140428417595599,"2025-03-16 20:02:55"
548,"2025-11","Adam",3,3140447159301906468,"2025-03-16 20:03:18"
549,"2025-11","Adam",3,3140447159301906468,"2025-03-16 20:03:18"
550,"2025-11","Adam",3,3140447159301906468,"2025-03-16 20:03:18"
551,"2025-11","Adam",3,3140447159301906468,"2025-03-16 20:03:18"
552,"2025-11","0.0",1,7700746447314350185,"2025-03-16 21:55:38"
553,"2025-11","Jercy",1,459600362018556542,"2025-03-16 22:23:27"
554,"2025-11","Simon",1,7267088002117966923,"2025-03-16 23:40:24"
555,"2025-11","Simon",1,7267088002117966923,"2025-03-16 23:40:24"
556,"2025-11","|",1,8071986685142587409,"2025-03-17 14:47:11"
557,"2025-11","|",1,8071986685142587409,"2025-03-17 14:47:11"
558,"2025-11","Adam",3,5373543104918027849,"2025-03-18 09:46:08"
559,"2025-11","Adam",3,5373543104918027849,"2025-03-18 09:46:08"
560,"2025-11","Adam",3,5373543104918027849,"2025-03-18 09:46:08"
561,"2025-11","Adam",3,5373543104918027849,"2025-03-18 09:46:08"
562,"2025-11","Che",2,2404589441084647815,"2025-03-18 19:17:02"
563,"2025-11","Huiyi",2,2404589441084647815,"2025-03-18 19:17:02"
564,"2025-11","Jassoonk",3,7478283634863603490,"2025-03-18 23:54:54"
565,"2025-11","ËµµÁ®ã",1,5460268026841656990,"2025-03-19 15:29:13"
566,"2025-11","Julia",2,5460268026841656990,"2025-03-19 15:29:13"
567,"2025-11","Julia",2,5460268026841656990,"2025-03-19 15:29:13"
568,"2025-11","ËØ∑Âè´ÊàëüêíÂì•",1,1809604127044427430,"2025-03-19 15:30:40"
569,"2025-11","|",3,8403282206093785526,"2025-03-19 17:18:49"
570,"2025-11","|",3,8403282206093785526,"2025-03-19 17:18:49"
571,"2025-11","üå±",1,7442775502547349179,"2025-03-19 17:30:58"
572,"2025-11","Sunnyboy",2,8669541296897194766,"2025-03-20 09:36:42"
573,"2025-11","Jassoonk",2,2762845526917785535,"2025-03-20 10:31:25"
574,"2025-11","Jassoonk",2,2762845526917785535,"2025-03-20 10:31:25"
575,"2025-11","Â∞èÊØÖ",2,6235165065419989354,"2025-03-20 10:32:36"
576,"2025-11","Â∞èÊñ∞",2,5275369070315302335,"2025-03-20 10:38:37"
577,"2025-11","0.0",2,7348783397391940352,"2025-03-20 12:46:34"
578,"2025-11","JJhu",1,3122077629406599824,"2025-03-20 19:34:19"
579,"2025-11","Simon",2,3122077629406599824,"2025-03-20 19:34:19"
580,"2025-11","Sevenüåô",1,9129306195247292971,"2025-03-20 20:51:42"
581,"2025-11","Sevenüåô",1,9129306195247292971,"2025-03-20 20:51:42"
582,"2025-11","Sevenüåô",1,9129306195247292971,"2025-03-20 20:51:42"
583,"2025-11","Sevenüåô",1,9129306195247292971,"2025-03-20 20:51:42"
584,"2025-11","Â∞èÊØÖ",2,4895596025842955824,"2025-03-21 00:10:59"
585,"2025-11","ha",1,8873106542934729156,"2025-03-21 14:15:23"
586,"2025-11","shawn",1,1098239424682344691,"2025-03-21 15:33:31"
587,"2025-11","ha",2,8371513983363080089,"2025-03-21 18:47:52"
588,"2025-12","Helen",1,7225421778939313513,"2025-03-23 20:05:27"
589,"2025-12","Helen",1,7225421778939313513,"2025-03-23 20:05:27"
590,"2025-12","June",1,7225421778939313513,"2025-03-23 20:05:27"
591,"2025-12","Jason",1,7225421778939313513,"2025-03-23 20:05:27"
592,"2025-12","Ëè≤Ëè≤",1,7225421778939313513,"2025-03-23 20:05:27"
593,"2025-12","Â∞èÊô®",1,7225421778939313513,"2025-03-23 20:05:27"
594,"2025-12","Huiyi",1,7225421778939313513,"2025-03-23 20:05:27"
595,"2025-12","Che",1,7225421778939313513,"2025-03-23 20:05:27"
596,"2025-12","Â∞èÊñ∞",1,7225421778939313513,"2025-03-23 20:05:27"
597,"2025-12","Â∞èÊØÖ",1,7225421778939313513,"2025-03-23 20:05:27"
598,"2025-12","Victor",1,7225421778939313513,"2025-03-23 20:05:27"
599,"2025-12","Adam",1,7225421778939313513,"2025-03-23 20:05:27"
600,"2025-12","Kevin",1,4483894644365375614,"2025-03-23 20:05:36"
601,"2025-12","Jassoonk",1,8109684855938838539,"2025-03-23 20:05:37"
602,"2025-12","Jassoonk",1,8109684855938838539,"2025-03-23 20:05:37"
603,"2025-12","0.0",1,4077740451362725271,"2025-03-23 20:05:40"
604,"2025-12","Adam",1,5065385910010869459,"2025-03-23 20:06:16"
605,"2025-12","Adam",1,5065385910010869459,"2025-03-23 20:06:16"
606,"2025-12","Adam",1,5065385910010869459,"2025-03-23 20:06:16"
607,"2025-12","Adam",1,5065385910010869459,"2025-03-23 20:06:16"
608,"2025-12","Charlie ChengÔºàÂ••Á±≥Á™óÂ∏òÔºâ",1,7922245519663668538,"2025-03-23 20:09:00"
609,"2025-12","Charlie ChengÔºàÂ••Á±≥Á™óÂ∏òÔºâ",1,1730160254179701163,"2025-03-23 20:09:09"
610,"2025-12","Adam",2,4144907639411142996,"2025-03-23 20:10:03"
611,"2025-12","Adam",2,4144907639411142996,"2025-03-23 20:10:03"
612,"2025-12","Adam",2,4144907639411142996,"2025-03-23 20:10:03"
613,"2025-12","Adam",2,4144907639411142996,"2025-03-23 20:10:03"
614,"2025-12","Adam",1,5541872850916610349,"2025-03-23 20:10:12"
615,"2025-12","ËØ∑Âè´ÊàëüêíÂì•",1,2293177710613658846,"2025-03-23 20:12:43"
616,"2025-12","Henry W",1,68105656429413302,"2025-03-23 22:31:44"
617,"2025-12","Julia",1,4159899373413701205,"2025-03-23 23:00:51"
618,"2025-12","Cheng",1,7807736865183030490,"2025-03-24 00:56:44"
619,"2025-12","Daniel loveson",1,6873426556546427255,"2025-03-24 01:45:05"
620,"2025-12","Daniel loveson",1,6873426556546427255,"2025-03-24 01:45:05"
621,"2025-12","|",1,8656978843229446445,"2025-03-25 17:27:09"
622,"2025-12","|",1,8656978843229446445,"2025-03-25 17:27:09"
623,"2025-12","Che",2,1561594622545046116,"2025-03-25 21:41:17"
624,"2025-12","Jassoonk",2,5455856866781761669,"2025-03-27 02:19:23"
625,"2025-12","Henry W",2,5618129493262387753,"2025-03-27 10:49:33"
626,"2025-12","Adam",1,7491873047825907356,"2025-03-27 11:41:30"
627,"2025-12","Daniel loveson",3,6361188285211889063,"2025-03-27 17:12:47"
628,"2025-12","Daniel loveson",3,6361188285211889063,"2025-03-27 17:12:47"
629,"2025-12","Adam",3,7816987706015302454,"2025-03-27 18:05:02"
630,"2025-12","Adam",1,4422308140410293770,"2025-03-28 08:46:29"
631,"2025-12","Adam",1,4422308140410293770,"2025-03-28 08:46:29"
632,"2025-12","Michelle Y",1,6261061604554886251,"2025-03-28 09:02:01"
633,"2025-12","Michelle Y",1,6261061604554886251,"2025-03-28 09:02:01"
634,"2025-12","peter",1,2552723429185395917,"2025-03-28 12:34:18"
635,"2025-12","Michelle Y",3,454325289039851765,"2025-03-28 16:49:48"
636,"2025-12","Michelle Y",3,454325289039851765,"2025-03-28 16:49:48"
637,"2025-30","Helen",1,8685587226647429920,"2025-07-27 20:07:11"
638,"2025-30","Huiyi",1,8685587226647429920,"2025-07-27 20:07:11"
639,"2025-30","Che",1,8685587226647429920,"2025-07-27 20:07:11"
640,"2025-30","Leah",1,8685587226647429920,"2025-07-27 20:07:11"
641,"2025-30","Jason",1,8685587226647429920,"2025-07-27 20:07:11"
642,"2025-30","Â∞èÊñ∞",1,8685587226647429920,"2025-07-27 20:07:11"
643,"2025-30","Â∞èÊô®",1,8685587226647429920,"2025-07-27 20:07:11"
644,"2025-30","0.0",1,8685587226647429920,"2025-07-27 20:07:11"
645,"2025-30","cheng",1,8685587226647429920,"2025-07-27 20:07:11"
646,"2025-30","Victor",1,8685587226647429920,"2025-07-27 20:07:11"
647,"2025-30","Kevin Lin",1,2609278107715405918,"2025-07-27 20:07:21"
648,"2025-30","Kevin Lin",1,2609278107715405918,"2025-07-27 20:07:21"
649,"2025-30","Carrie",1,4960756224048518755,"2025-07-27 20:07:31"
650,"2025-30","Carrie",1,4960756224048518755,"2025-07-27 20:07:31"
651,"2025-30","Jasooonnk",1,3322637673952584920,"2025-07-27 20:07:42"
652,"2025-30","Victor",1,7891865305573272924,"2025-07-27 20:07:51"
653,"2025-30","0.0",2,8969805400472426504,"2025-07-27 20:08:15"
654,"2025-30","Henry Wang",1,4548778436268828597,"2025-07-27 20:10:20"
655,"2025-30","0.0",1,6502053395241828208,"2025-07-27 20:22:02"
656,"2025-30","Jeremy",1,8349646590858152210,"2025-07-27 20:43:37"
657,"2025-30","Anson",1,5648108858653364691,"2025-07-27 21:58:12"
658,"2025-30","RED",1,3624295194654208738,"2025-07-28 02:48:26"
659,"2025-30","Andrew N",1,69188974540666154,"2025-07-28 06:50:22"
660,"2025-30","Andrew N",1,69188974540666154,"2025-07-28 06:50:22"
661,"2025-30","LH",1,117461272128436485,"2025-07-29 15:05:01"
662,"2025-30","June",1,1403804041379682546,"2025-07-29 18:56:40"
663,"2025-30","Che",2,1403804041379682546,"2025-07-29 18:56:40"
664,"2025-30","Victor",3,581593392428556379,"2025-07-30 21:16:33"
665,"2025-30","Andrew N",3,1507558508792714973,"2025-07-31 11:14:01"
666,"2025-30","LH",3,7657927800990915620,"2025-07-31 11:29:21"
667,"2025-30","che",1,5588872779972614813,"2025-07-31 11:34:15"
668,"2025-30","che",3,6307573803313588352,"2025-07-31 11:44:36"
669,"2025-30","Â∞èÊñ∞",2,3746657369252892599,"2025-07-31 12:32:12"
670,"2025-30","Helen",2,3746657369252892599,"2025-07-31 12:32:12"
671,"2025-30","Carrie",2,1118710288900557619,"2025-07-31 12:34:09"
672,"2025-30","Carrie",2,1118710288900557619,"2025-07-31 12:34:09"
673,"2025-30","Anson",3,2962390352642060690,"2025-07-31 19:17:59"
674,"2025-30","Jeremy",2,5620098066871813818,"2025-07-31 22:39:09"
675,"2025-30","ÁÉüÁÅ´",1,5853469458634148545,"2025-08-01 10:56:09"
676,"2025-30","June",2,5294646779000009102,"2025-08-01 10:59:02"
677,"2025-30","ÂïäÊ®π",1,1990244806927057902,"2025-08-01 19:07:21"
678,"2025-31","Helen",1,729139667111403351,"2025-08-03 20:00:08"
679,"2025-31","June",1,729139667111403351,"2025-08-03 20:00:08"
680,"2025-31","Huiyi",1,729139667111403351,"2025-08-03 20:00:08"
681,"2025-31","Leah",1,729139667111403351,"2025-08-03 20:00:08"
682,"2025-31","Che",1,729139667111403351,"2025-08-03 20:00:08"
683,"2025-31","Â∞èÊñ∞",1,729139667111403351,"2025-08-03 20:00:08"
684,"2025-31","Â∞èÊô®",1,729139667111403351,"2025-08-03 20:00:08"
685,"2025-31","Jason",1,729139667111403351,"2025-08-03 20:00:08"
686,"2025-31","Ëè≤Ëè≤",1,729139667111403351,"2025-08-03 20:00:08"
687,"2025-31","cheng",1,729139667111403351,"2025-08-03 20:00:08"
688,"2025-31","Victor",1,729139667111403351,"2025-08-03 20:00:08"
689,"2025-31","Anson",1,7720070982553228189,"2025-08-03 20:00:19"
690,"2025-31","Kevin Lin",1,8563579626570537292,"2025-08-03 20:00:22"
691,"2025-31","Kevin",1,8563579626570537292,"2025-08-03 20:00:22"
692,"2025-31","Jassoonk",1,5468713591225332554,"2025-08-03 20:00:25"
693,"2025-31","Kevin Lin",2,334536100605943725,"2025-08-03 20:00:28"
694,"2025-31","Jassoonk",1,8858857030246454643,"2025-08-03 20:00:56"
695,"2025-31","Jason",2,8371353562980984568,"2025-08-03 20:12:40"
696,"2025-31","0.0",1,6093690251364226486,"2025-08-03 20:32:54"
697,"2025-31","Â∞èÊô®",2,8138079392336512628,"2025-08-03 21:28:17"
698,"2025-31","Cyrus üê¥",1,4927219500914972789,"2025-08-03 21:44:34"
699,"2025-31","RED",1,697676847310816086,"2025-08-04 19:09:19"
700,"2025-31","Victor",1,4947170494932354859,"2025-08-05 08:54:54"
701,"2025-31","Che",2,2375130960988912730,"2025-08-05 14:18:35"
702,"2025-31","Â∞èÊñ∞",2,2847765208671692893,"2025-08-06 16:54:49"
703,"2025-31","Leah",2,2847765208671692893,"2025-08-06 16:54:49"
704,"2025-31","Huiyi",2,2847765208671692893,"2025-08-06 16:54:49"
705,"2025-31","0.0",2,158355949420158392,"2025-08-06 20:54:25"
706,"2025-31","cheng",2,9027482400852415394,"2025-08-07 10:39:26"
707,"2025-31","ÁæΩÁì¥Sherry",1,72720851248933283,"2025-08-07 10:49:55"
708,"2025-31","Andy",1,8436267133876890587,"2025-08-07 16:18:24"
709,"2025-13","Helen",1,3748886134043248088,"2025-03-30 20:30:05"
710,"2025-13","Helen",1,3748886134043248088,"2025-03-30 20:30:05"
711,"2025-13","June",1,3748886134043248088,"2025-03-30 20:30:05"
712,"2025-13","Â∞èÊô®",1,3748886134043248088,"2025-03-30 20:30:05"
713,"2025-13","Â∞èÊñ∞",1,3748886134043248088,"2025-03-30 20:30:05"
714,"2025-13","Che",1,3748886134043248088,"2025-03-30 20:30:05"
715,"2025-13","Huiyi",1,3748886134043248088,"2025-03-30 20:30:05"
716,"2025-13","Jason",1,3748886134043248088,"2025-03-30 20:30:05"
717,"2025-13","Ëè≤Ëè≤",1,3748886134043248088,"2025-03-30 20:30:05"
718,"2025-13","0.0",1,3748886134043248088,"2025-03-30 20:30:05"
719,"2025-13","Sunnyboy",1,3748886134043248088,"2025-03-30 20:30:05"
720,"2025-13","Victor",1,3748886134043248088,"2025-03-30 20:30:05"
721,"2025-13","Adam",1,3748886134043248088,"2025-03-30 20:30:05"
722,"2025-13","Jassoonk",1,4130636024156144808,"2025-03-30 20:30:16"
723,"2025-13","Adam",1,458631286974766093,"2025-03-30 20:30:18"
724,"2025-13","Adam",1,458631286974766093,"2025-03-30 20:30:18"
725,"2025-13","Adam",1,458631286974766093,"2025-03-30 20:30:18"
726,"2025-13","Adam",1,458631286974766093,"2025-03-30 20:30:18"
727,"2025-13","Jassoonk",1,9158452480787590602,"2025-03-30 20:30:27"
728,"2025-13","Adam",1,650145055525841209,"2025-03-30 20:30:29"
729,"2025-13","Adam",1,650145055525841209,"2025-03-30 20:30:29"
730,"2025-13","Adam",1,650145055525841209,"2025-03-30 20:30:29"
731,"2025-13","Charlie ChengÔºàÂ••Á±≥Á™óÂ∏òÔºâ",1,5908195584251934309,"2025-03-30 20:36:14"
732,"2025-13","JJhu",1,4067322636060879572,"2025-03-30 20:36:47"
733,"2025-13","JJhu",1,4067322636060879572,"2025-03-30 20:36:47"
734,"2025-13","Â∞èÊô®",1,7738044851918097486,"2025-03-30 20:45:16"
735,"2025-13","Â∞èÊô®",1,7738044851918097486,"2025-03-30 20:45:16"
736,"2025-13","Kevin",1,7890351616105531202,"2025-03-30 20:52:19"
737,"2025-13","Kevin",3,6605757671857014568,"2025-03-30 21:37:36"
738,"2025-13","Cheng",1,2447049847540403544,"2025-03-30 22:07:04"
739,"2025-13","SunnyBoy",1,1375075708759661344,"2025-03-30 23:32:46"
740,"2025-13","Cyrus üê¥",1,8121035839938415582,"2025-04-01 00:42:23"
741,"2025-13","Charlie ChengÔºàÂ••Á±≥Á™óÂ∏òÔºâ",3,9145851642813480645,"2025-04-02 00:18:33"
742,"2025-13","SunnyBoy",3,1374255368282544400,"2025-04-03 21:38:06"
743,"2025-13","JJhu",3,4363395282366467998,"2025-04-04 13:25:34"
744,"2025-13","JJhu",3,4363395282366467998,"2025-04-04 13:25:34"
745,"2025-13","Cyrus üê¥",3,6452030627497648478,"2025-04-04 15:48:29"
746,"2025-13","Adam",2,6640463481686505763,"2025-04-04 15:59:44"
747,"2025-13","Adam",2,6640463481686505763,"2025-04-04 15:59:44"
748,"2025-13","Â∞èÊô®",3,7733423453152815800,"2025-04-04 16:17:19"
749,"2025-13","Cheng",3,3010226132945112452,"2025-04-04 16:43:56"
750,"2025-13","Â∞èÊô®",3,2678050582367416533,"2025-04-04 16:48:18"
751,"2025-13","Helen",2,88682508330745986,"2025-04-04 16:52:36"
752,"2025-13","June",2,88682508330745986,"2025-04-04 16:52:36"
753,"2025-13","Â∞èÊñ∞",2,88682508330745986,"2025-04-04 16:52:36"
754,"2025-13","0.0",2,88682508330745986,"2025-04-04 16:52:36"
755,"2025-13","Adam",1,88682508330745986,"2025-04-04 16:52:36"
756,"2025-13","Adam",1,88682508330745986,"2025-04-04 16:52:36"
757,"2025-13","Â∞èÊô®",1,88682508330745986,"2025-04-04 16:52:36"
758,"2025-13","Â∞èÊô®",1,88682508330745986,"2025-04-04 16:52:36"
759,"2025-13","Edward Qiu",1,4157015569185511595,"2025-04-04 17:35:32"
760,"2025-13","Edward Qiu",3,3655283981850855513,"2025-04-04 18:56:27"
761,"2025-13","simon",1,3894910505473602394,"2025-04-04 23:38:30"
762,"2025-13","jjhu",1,3894910505473602394,"2025-04-04 23:38:30"
763,"2025-13","Adam",2,3894910505473602394,"2025-04-04 23:38:30"
764,"2025-13","Adam",2,3894910505473602394,"2025-04-04 23:38:30"
765,"2025-13","Adam",2,6300412225904562612,"2025-04-04 23:47:20"
766,"2025-13","Adam",2,6300412225904562612,"2025-04-04 23:47:20"
767,"2025-14","Helen",1,7171095776248706983,"2025-04-06 20:00:02"
768,"2025-14","Helen",1,7171095776248706983,"2025-04-06 20:00:02"
769,"2025-14","June",1,7171095776248706983,"2025-04-06 20:00:02"
770,"2025-14","Jason",1,7171095776248706983,"2025-04-06 20:00:02"
771,"2025-14","Ëè≤Ëè≤",1,7171095776248706983,"2025-04-06 20:00:02"
772,"2025-14","Huiyi",1,7171095776248706983,"2025-04-06 20:00:02"
773,"2025-14","che",1,7171095776248706983,"2025-04-06 20:00:02"
774,"2025-14","Â∞èÊô®",1,7171095776248706983,"2025-04-06 20:00:02"
775,"2025-14","Â∞èÊñ∞",1,7171095776248706983,"2025-04-06 20:00:02"
776,"2025-14","0.0",1,7171095776248706983,"2025-04-06 20:00:02"
777,"2025-14","sunnyboy",1,7171095776248706983,"2025-04-06 20:00:02"
778,"2025-14","Victor",1,7171095776248706983,"2025-04-06 20:00:02"
779,"2025-14","Adam",1,7171095776248706983,"2025-04-06 20:00:02"
780,"2025-14","Charlie ChengÔºàÂ••Á±≥Á™óÂ∏òÔºâ",1,1734071714961103484,"2025-04-06 20:00:11"
781,"2025-14","Kevin",1,1949959692530887657,"2025-04-06 20:00:15"
782,"2025-14","Adam",1,5037197285463856265,"2025-04-06 20:00:15"
783,"2025-14","Adam",1,5037197285463856265,"2025-04-06 20:00:15"
784,"2025-14","Adam",1,5037197285463856265,"2025-04-06 20:00:15"
785,"2025-14","Adam",1,5037197285463856265,"2025-04-06 20:00:15"
786,"2025-14","Jassoonk",1,325552002718985931,"2025-04-06 20:00:16"
787,"2025-14","Charlie ChengÔºàÂ••Á±≥Á™óÂ∏òÔºâ",1,8536320962377019492,"2025-04-06 20:00:21"
788,"2025-14","Adam",1,8686713674513520963,"2025-04-06 20:00:23"
789,"2025-14","Adam",1,8686713674513520963,"2025-04-06 20:00:23"
790,"2025-14","Charlie ChengÔºàÂ••Á±≥Á™óÂ∏òÔºâ",1,6360143153360808252,"2025-04-06 20:00:28"
791,"2025-14","Charlie ChengÔºàÂ••Á±≥Á™óÂ∏òÔºâ",1,4472379964829862362,"2025-04-06 20:00:38"
792,"2025-14","Jeremy",1,3528282629119216202,"2025-04-06 20:03:24"
793,"2025-14","Cheng",1,542171095997955562,"2025-04-06 21:01:44"
794,"2025-14","Jin",1,5601604065668041486,"2025-04-06 23:37:51"
795,"2025-14","Simon",1,1857651790921119368,"2025-04-06 23:41:44"
796,"2025-14","JJhu",1,1857651790921119368,"2025-04-06 23:41:44"
797,"2025-14","|",1,708716235569396137,"2025-04-06 23:42:21"
798,"2025-14","|",1,708716235569396137,"2025-04-06 23:42:21"
799,"2025-14","simon",1,8206621991822444273,"2025-04-07 09:25:27"
800,"2025-14","Henry",1,3478156138147833491,"2025-04-07 09:38:42"
801,"2025-14","JJhu",1,2105720461659472337,"2025-04-07 11:02:36"
802,"2025-14","Simon",2,2105720461659472337,"2025-04-07 11:02:36"
803,"2025-14","Charlie ChengÔºàÂ••Á±≥Á™óÂ∏òÔºâ",3,5735314146116161849,"2025-04-07 12:43:36"
804,"2025-14","Charlie ChengÔºàÂ••Á±≥Á™óÂ∏òÔºâ",3,5735314146116161849,"2025-04-07 12:43:36"
805,"2025-14","simon",3,2003511832250857798,"2025-04-07 20:57:35"
806,"2025-14","Charlie ChengÔºàÂ••Á±≥Á™óÂ∏òÔºâ",1,8182072414728451432,"2025-04-08 09:43:51"
807,"2025-14","YH.W",1,9131685234844049879,"2025-04-09 02:53:05"
808,"2025-14","YH.W",1,9131685234844049879,"2025-04-09 02:53:05"
809,"2025-14","Sandy",1,1591003741964566481,"2025-04-09 15:41:26"
810,"2025-14","Leah",1,1591003741964566481,"2025-04-09 15:41:26"
811,"2025-14","Helen",2,1591003741964566481,"2025-04-09 15:41:26"
812,"2025-14","|",3,7863989156501098271,"2025-04-09 15:43:30"
813,"2025-14","|",3,7863989156501098271,"2025-04-09 15:43:30"
814,"2025-14","YH.W",3,5919795826646657279,"2025-04-09 18:43:31"
815,"2025-14","YH.W",3,5919795826646657279,"2025-04-09 18:43:31"
816,"2025-14","Sandy",2,3102714463742554438,"2025-04-10 12:52:35"
817,"2025-14","Adam",1,8167451794733807132,"2025-04-10 12:53:17"
818,"2025-14","Jeremy",2,5739699661459334989,"2025-04-10 21:37:08"
819,"2025-14","Adam",3,8795839984953960208,"2025-04-11 17:48:14"
820,"2025-14","Adam",3,8795839984953960208,"2025-04-11 17:48:14"
821,"2025-14","Henry",3,6415646930253821658,"2025-04-11 18:01:22"
822,"2025-14","Cheng",3,3210261030794057494,"2025-04-11 18:05:40"
823,"2025-14","JJhu",3,6459649874088939356,"2025-04-11 18:58:50"
824,"2025-14","JJhu",3,6459649874088939356,"2025-04-11 18:58:50"
825,"2025-14","Charlie ChengÔºàÂ••Á±≥Á™óÂ∏òÔºâ",3,8751766187639756349,"2025-04-11 19:16:39"
826,"2025-15","Helen",1,3259917358521518476,"2025-04-13 20:00:22"
827,"2025-15","Helen",1,3259917358521518476,"2025-04-13 20:00:22"
828,"2025-15","Che",1,3259917358521518476,"2025-04-13 20:00:22"
829,"2025-15","Huiyi",1,3259917358521518476,"2025-04-13 20:00:22"
830,"2025-15","Â∞èÊô®",1,3259917358521518476,"2025-04-13 20:00:22"
831,"2025-15","Â∞èÊñ∞",1,3259917358521518476,"2025-04-13 20:00:22"
832,"2025-15","Ëè≤Ëè≤",1,3259917358521518476,"2025-04-13 20:00:22"
833,"2025-15","Jason",1,3259917358521518476,"2025-04-13 20:00:22"
834,"2025-15","Michelle",1,3259917358521518476,"2025-04-13 20:00:22"
835,"2025-15","Michelle",1,3259917358521518476,"2025-04-13 20:00:22"
836,"2025-15","Sunnyboy",1,3259917358521518476,"2025-04-13 20:00:22"
837,"2025-15","Victor",1,3259917358521518476,"2025-04-13 20:00:22"
838,"2025-15","Adam",1,3259917358521518476,"2025-04-13 20:00:22"
839,"2025-15","June",1,3259917358521518476,"2025-04-13 20:00:22"
840,"2025-15","Jassoonk",1,5914725248641457714,"2025-04-13 20:00:29"
841,"2025-15","Charlie ChengÔºàÂ••Á±≥Á™óÂ∏òÔºâ",1,5302774162327826535,"2025-04-13 20:00:34"
842,"2025-15","Charlie ChengÔºàÂ••Á±≥Á™óÂ∏òÔºâ",1,5302774162327826535,"2025-04-13 20:00:34"
843,"2025-15","Charlie ChengÔºàÂ••Á±≥Á™óÂ∏òÔºâ",1,5302774162327826535,"2025-04-13 20:00:34"
844,"2025-15","JJ Hu",1,1582421388080569986,"2025-04-13 20:00:35"
845,"2025-15","JJ Hu",1,1582421388080569986,"2025-04-13 20:00:35"
846,"2025-15","Jassoonk",1,2038280438649255434,"2025-04-13 20:00:40"
847,"2025-15","Tqüê∂",1,6773002053798234721,"2025-04-13 20:00:42"
848,"2025-15","Tqüê∂",1,6773002053798234721,"2025-04-13 20:00:42"
849,"2025-15","Tqüê∂",1,6773002053798234721,"2025-04-13 20:00:42"
850,"2025-15","Tqüê∂",1,6773002053798234721,"2025-04-13 20:00:42"
851,"2025-15","Tqüê∂",1,6773002053798234721,"2025-04-13 20:00:42"
852,"2025-15","Tqüê∂",1,6773002053798234721,"2025-04-13 20:00:42"
853,"2025-15","Henry Wang",1,8489722680645851252,"2025-04-13 20:00:43"
854,"2025-15","0.0",1,1331289447801665006,"2025-04-13 20:01:30"
855,"2025-15","0.0",1,6651871688234450482,"2025-04-13 20:01:37"
856,"2025-15","SunnyBoy",1,3316581446322810792,"2025-04-13 20:02:53"
857,"2025-15","Tqüê∂",3,3437925655912724682,"2025-04-14 23:12:04"
858,"2025-15","Tqüê∂",3,3437925655912724682,"2025-04-14 23:12:04"
859,"2025-15","Tqüê∂",3,3437925655912724682,"2025-04-14 23:12:04"
860,"2025-15","Tqüê∂",3,3437925655912724682,"2025-04-14 23:12:04"
861,"2025-15","Tqüê∂",3,3437925655912724682,"2025-04-14 23:12:04"
862,"2025-15","Tqüê∂",3,3437925655912724682,"2025-04-14 23:12:04"
863,"2025-15","Henry Wang",3,3846577218034013632,"2025-04-15 12:07:13"
864,"2025-15","Â∞èÊñ∞",1,3191903319394947690,"2025-04-17 00:12:04"
865,"2025-15","Â∞èÊô®",2,3191903319394947690,"2025-04-17 00:12:04"
866,"2025-15","Ether",1,8405634717132739054,"2025-04-17 12:04:54"
867,"2025-15","Jassoonk",3,5761223405038078732,"2025-04-17 21:20:55"
868,"2025-15","0.0",3,330402759644467766,"2025-04-18 09:40:56"
869,"2025-15","0.0",3,330402759644467766,"2025-04-18 09:40:56"
870,"2025-15","Ether",3,844640691562385691,"2025-04-18 09:43:17"
871,"2025-15","Jason",2,1033908201894349697,"2025-04-18 10:08:33"
872,"2025-15","Helen",2,1033908201894349697,"2025-04-18 10:08:33"
873,"2025-15","Che",1,1033908201894349697,"2025-04-18 10:08:33"
874,"2025-15","JJ Hu",2,5540234856274696198,"2025-04-18 10:10:03"
875,"2025-15","JJ Hu",2,5540234856274696198,"2025-04-18 10:10:03"
876,"2025-15","Michelle Y",1,1976749127127345607,"2025-04-18 10:10:39"
877,"2025-15","SunnyBoy",2,5983966465507561961,"2025-04-18 11:42:10"
878,"2025-15","ËµµÊô®",1,5983966465507561961,"2025-04-18 11:42:10"
879,"2025-15","Simon",1,3885325135439793332,"2025-04-18 11:44:28"
880,"2025-15","ËµµÊô®",2,1021982021131556341,"2025-04-18 12:35:03"
881,"2025-15","0.0",1,3478909688975566278,"2025-04-18 12:36:52"
882,"2025-15","0.0",1,3478909688975566278,"2025-04-18 12:36:52"
883,"2025-15","0.0",1,3478909688975566278,"2025-04-18 12:36:52"
884,"2025-15","June",2,3636927491264274914,"2025-04-18 12:37:25"
885,"2025-15","Helen",2,3636927491264274914,"2025-04-18 12:37:25"
886,"2025-15","0.0",2,212194379319603761,"2025-04-18 13:43:04"
887,"2025-15","Michelle Y",1,1679122577594710495,"2025-04-18 14:33:04"
888,"2025-15","0.0",2,8937794491232483625,"2025-04-18 14:33:29"
889,"2025-15","Simon",2,4297132717242842257,"2025-04-18 14:42:21"
890,"2025-15","Charlie ChengÔºàÂ••Á±≥Á™óÂ∏òÔºâ",1,8034698226613927612,"2025-04-18 16:26:14"
891,"2025-15","Charlie ChengÔºàÂ••Á±≥Á™óÂ∏òÔºâ",1,8034698226613927612,"2025-04-18 16:26:14"
892,"2025-15","0.0",2,578166566999223483,"2025-04-18 16:28:17"
893,"2025-15","Charlie ChengÔºàÂ••Á±≥Á™óÂ∏òÔºâ",3,3537520764089818098,"2025-04-18 17:14:51"
894,"2025-15","Charlie ChengÔºàÂ••Á±≥Á™óÂ∏òÔºâ",1,8620862399202386590,"2025-04-18 18:37:09"
895,"2025-15","Charlie ChengÔºàÂ••Á±≥Á™óÂ∏òÔºâ",2,5030481932327032428,"2025-04-18 18:38:38"
896,"2025-15","Charlie ChengÔºàÂ••Á±≥Á™óÂ∏òÔºâ",1,2325939772163416070,"2025-04-18 19:00:01"
897,"2025-15","0.0",1,4396169174647949985,"2025-04-18 19:35:06"
898,"2025-16","Helen",1,3182145302162875380,"2025-04-20 20:00:15"
899,"2025-16","June",1,3182145302162875380,"2025-04-20 20:00:15"
900,"2025-16","Jason",1,3182145302162875380,"2025-04-20 20:00:15"
901,"2025-16","Ëè≤Ëè≤",1,3182145302162875380,"2025-04-20 20:00:15"
902,"2025-16","Â∞èÊô®",1,3182145302162875380,"2025-04-20 20:00:15"
903,"2025-16","Â∞èÊñ∞",1,3182145302162875380,"2025-04-20 20:00:15"
904,"2025-16","Huiyi",1,3182145302162875380,"2025-04-20 20:00:15"
905,"2025-16","Che",1,3182145302162875380,"2025-04-20 20:00:15"
906,"2025-16","Julia",1,3182145302162875380,"2025-04-20 20:00:15"
907,"2025-16","Michelle",1,3182145302162875380,"2025-04-20 20:00:15"
908,"2025-16","Michelle",1,3182145302162875380,"2025-04-20 20:00:15"
909,"2025-16","Sunnyboy",1,3182145302162875380,"2025-04-20 20:00:15"
910,"2025-16","Victor",1,3182145302162875380,"2025-04-20 20:00:15"
911,"2025-16","Adam",1,3182145302162875380,"2025-04-20 20:00:15"
912,"2025-16","Kevin",1,3044209208170066618,"2025-04-20 20:00:23"
913,"2025-16","Jassoonk",1,2230221529976913738,"2025-04-20 20:00:24"
914,"2025-16","Jassoonk",1,2230221529976913738,"2025-04-20 20:00:24"
915,"2025-16","Jassoonk",1,1549123272752348093,"2025-04-20 20:00:50"
916,"2025-16","0.0",1,25649514236269793,"2025-04-20 20:01:44"
917,"2025-16","0.0",1,25649514236269793,"2025-04-20 20:01:44"
918,"2025-16","0.0",1,545487956199823113,"2025-04-20 20:01:55"
919,"2025-16","Â∞èÊô®",1,4720072606933358363,"2025-04-20 20:02:05"
920,"2025-16","Â∞èÊô®",1,4720072606933358363,"2025-04-20 20:02:05"
921,"2025-16","che",1,3402515469799820184,"2025-04-20 20:51:53"
922,"2025-16","Adam",1,9180014689916335550,"2025-04-20 21:22:00"
923,"2025-16","Adam",1,9180014689916335550,"2025-04-20 21:22:00"
924,"2025-16","Adam",1,9180014689916335550,"2025-04-20 21:22:00"
925,"2025-16","Adam",1,9180014689916335550,"2025-04-20 21:22:00"
926,"2025-16","Adam",1,9180014689916335550,"2025-04-20 21:22:00"
927,"2025-16","Adam",1,9180014689916335550,"2025-04-20 21:22:00"
928,"2025-16","Adam",1,9180014689916335550,"2025-04-20 21:22:00"
929,"2025-16","Adam",1,9180014689916335550,"2025-04-20 21:22:00"
930,"2025-16","Adam",1,9180014689916335550,"2025-04-20 21:22:00"
931,"2025-16","0.0",1,2365809753011439127,"2025-04-21 15:59:07"
932,"2025-16","0.0",1,2365809753011439127,"2025-04-21 15:59:07"
933,"2025-16","0.0",1,2365809753011439127,"2025-04-21 15:59:07"
934,"2025-16","Adam",3,1287401149349467925,"2025-04-21 16:11:47"
935,"2025-16","Adam",3,1287401149349467925,"2025-04-21 16:11:47"
936,"2025-16","Adam",3,1287401149349467925,"2025-04-21 16:11:47"
937,"2025-16","Adam",3,1287401149349467925,"2025-04-21 16:11:47"
938,"2025-16","Adam",3,1287401149349467925,"2025-04-21 16:11:47"
939,"2025-16","Adam",3,1287401149349467925,"2025-04-21 16:11:47"
940,"2025-16","Adam",3,1287401149349467925,"2025-04-21 16:11:47"
941,"2025-16","Adam",3,1287401149349467925,"2025-04-21 16:11:47"
942,"2025-16","Adam",3,1287401149349467925,"2025-04-21 16:11:47"
943,"2025-16","Jassoonk",3,2595359468376526156,"2025-04-23 15:43:48"
944,"2025-16","Jassoonk",3,2595359468376526156,"2025-04-23 15:43:48"
945,"2025-16","Jassoonk",3,4484449451492215858,"2025-04-24 01:40:15"
946,"2025-16","0.0",2,3228037731620018246,"2025-04-24 08:05:02"
947,"2025-16","0.0",2,3228037731620018246,"2025-04-24 08:05:02"
948,"2025-16","0.0",2,3228037731620018246,"2025-04-24 08:05:02"
949,"2025-16","0.0",3,3228037731620018246,"2025-04-24 08:05:02"
950,"2025-16","0.0",3,3228037731620018246,"2025-04-24 08:05:02"
951,"2025-16","0.0",3,3228037731620018246,"2025-04-24 08:05:02"
952,"2025-16","peterL",1,2550699560370426649,"2025-04-24 09:02:51"
953,"2025-16","peter",1,2550699560370426649,"2025-04-24 09:02:51"
954,"2025-16","Â∞èÊñ∞",2,5038372980025040237,"2025-04-24 09:33:00"
955,"2025-16","Michelle",1,5038372980025040237,"2025-04-24 09:33:00"
956,"2025-16","ha",1,8873106542934729156,"2025-04-24 09:49:04"
957,"2025-16","Cheng",1,3287511173806192079,"2025-04-24 10:26:20"
958,"2025-16","June",2,6050241220851781404,"2025-04-25 11:44:54"
959,"2025-16","ËØ∑Âè´ÊàëüêíÂì•",1,5540234856274696198,"2025-04-25 11:58:14"
960,"2025-16","Jeremy",1,6711412579816050522,"2025-04-25 12:19:46"
961,"2025-16","peterL",2,641058589707236225,"2025-04-25 12:21:36"
962,"2025-16","peter",2,641058589707236225,"2025-04-25 12:21:36"
963,"2025-16","ThoMaS Li",1,770470393616690434,"2025-04-25 14:53:16"
964,"2025-16","Sam G",1,7314566581646096711,"2025-04-25 15:26:39"
965,"2025-16","Sam G",1,7314566581646096711,"2025-04-25 15:26:39"
966,"2025-16","ha",2,8745563923652080974,"2025-04-25 16:49:29"
967,"2025-16","Helen",2,3182145302162875380,"2025-04-25 16:49:42"
968,"2025-17","Helen",1,3748886134043248088,"2025-04-27 20:00:01"
969,"2025-17","Helen",1,3748886134043248088,"2025-04-27 20:00:01"
970,"2025-17","June",1,3748886134043248088,"2025-04-27 20:00:01"
971,"2025-17","Che",1,3748886134043248088,"2025-04-27 20:00:01"
972,"2025-17","Jason",1,3748886134043248088,"2025-04-27 20:00:01"
973,"2025-17","Ëè≤Ëè≤",1,3748886134043248088,"2025-04-27 20:00:01"
974,"2025-17","Michelle",1,3748886134043248088,"2025-04-27 20:00:01"
975,"2025-17","Michelle",1,3748886134043248088,"2025-04-27 20:00:01"
976,"2025-17","Â∞èÊñ∞",1,3748886134043248088,"2025-04-27 20:00:01"
977,"2025-17","Â∞èÊô®",1,3748886134043248088,"2025-04-27 20:00:01"
978,"2025-17","Huiyi",1,3748886134043248088,"2025-04-27 20:00:01"
979,"2025-17","Sunnyboy",1,3748886134043248088,"2025-04-27 20:00:01"
980,"2025-17","Victor",1,3748886134043248088,"2025-04-27 20:00:01"
981,"2025-17","Adam",1,3748886134043248088,"2025-04-27 20:00:01"
982,"2025-17","Kevin",1,3423425540086840485,"2025-04-27 20:00:08"
983,"2025-17","Kevin",1,5630601430779136016,"2025-04-27 20:00:16"
984,"2025-17","Â∞èÊô®",1,2770889080535870749,"2025-04-27 20:02:25"
985,"2025-17","0.0",1,8170222629472328399,"2025-04-27 20:04:05"
986,"2025-17","0.0",1,8330957827402849052,"2025-04-27 20:04:23"
987,"2025-17","0.0",1,8330957827402849052,"2025-04-27 20:04:23"
988,"2025-17","0.0",1,8330957827402849052,"2025-04-27 20:04:23"
989,"2025-17","0.0",1,8330957827402849052,"2025-04-27 20:04:23"
990,"2025-17","0.0",1,8330957827402849052,"2025-04-27 20:04:23"
991,"2025-17","Cheng",1,6907341325604888227,"2025-04-27 21:23:00"
992,"2025-17","Che",2,1455854957137686388,"2025-04-28 12:56:56"
993,"2025-17","Huiyi",2,1455854957137686388,"2025-04-28 12:56:56"
994,"2025-17","ha",1,7446435809716246237,"2025-04-28 13:58:44"
995,"2025-17","0.0",3,4468764769424336162,"2025-04-28 17:00:16"
996,"2025-17","0.0",3,4468764769424336162,"2025-04-28 17:00:16"
997,"2025-17","0.0",3,4468764769424336162,"2025-04-28 17:00:16"
998,"2025-17","0.0",3,4468764769424336162,"2025-04-28 17:00:16"
999,"2025-17","Â∞èÊñ∞",2,4263030776849401475,"2025-04-28 18:14:48"
1000,"2025-17","Helen",2,4263030776849401475,"2025-04-28 18:14:48"
1001,"2025-17","Michelle",2,1484748249933826638,"2025-04-28 18:18:02"
1002,"2025-17","Michelle",2,1484748249933826638,"2025-04-28 18:18:02"
1003,"2025-17","Sunnyboy",2,2309843258111759404,"2025-04-28 18:52:59"
1004,"2025-17","Adam",2,4877926005780589598,"2025-04-29 12:01:51"
1005,"2025-17","Â∞èÊô®",2,4017181338247386464,"2025-04-30 09:02:39"
1006,"2025-17","Victor",2,5953278746879756476,"2025-04-30 09:03:52"
1007,"2025-17","Â∞èÊô®",2,5953278746879756476,"2025-04-30 09:03:52"
1008,"2025-17","Jassoonk",1,1418935298275474322,"2025-05-01 03:17:14"
1009,"2025-17","Jassoonk",1,1418935298275474322,"2025-05-01 03:17:14"
1010,"2025-17","Dan",1,5583829175011841007,"2025-05-02 13:39:53"
1011,"2025-17","Herbert",1,1139901369193128145,"2025-05-02 13:40:18"
1012,"2025-18","Helen",1,6942584482975806592,"2025-05-04 20:00:01"
1013,"2025-18","June",1,6942584482975806592,"2025-05-04 20:00:01"
1014,"2025-18","Ha",1,6942584482975806592,"2025-05-04 20:00:01"
1015,"2025-18","Che",1,6942584482975806592,"2025-05-04 20:00:01"
1016,"2025-18","Huiyi",1,6942584482975806592,"2025-05-04 20:00:01"
1017,"2025-18","Jason",1,6942584482975806592,"2025-05-04 20:00:01"
1018,"2025-18","Â∞èÊô®",1,6942584482975806592,"2025-05-04 20:00:01"
1019,"2025-18","Â∞èÊñ∞",1,6942584482975806592,"2025-05-04 20:00:01"
1020,"2025-18","Ëè≤Ëè≤",1,6942584482975806592,"2025-05-04 20:00:01"
1021,"2025-18","Michelle",1,6942584482975806592,"2025-05-04 20:00:01"
1022,"2025-18","Michelle",1,6942584482975806592,"2025-05-04 20:00:01"
1023,"2025-18","Victor",1,6942584482975806592,"2025-05-04 20:00:01"
1024,"2025-18","Victor",1,6942584482975806592,"2025-05-04 20:00:01"
1025,"2025-18","Sunnyboy",1,6942584482975806592,"2025-05-04 20:00:01"
1026,"2025-18","Kevin",1,279499708311730288,"2025-05-04 20:00:13"
1027,"2025-18","Kevin",1,279499708311730288,"2025-05-04 20:00:13"
1028,"2025-18","June",2,6823674505395107771,"2025-05-04 20:09:24"
1029,"2025-18","Â∞èÊô®",1,5671021486500468687,"2025-05-04 20:26:34"
1030,"2025-18","0.0",1,1964956790282920268,"2025-05-04 21:29:29"
1031,"2025-18","0.0",1,1964956790282920268,"2025-05-04 21:29:29"
1032,"2025-18","Cheng",1,9281891346536423,"2025-05-05 01:09:37"
1033,"2025-18","simon",1,1880026608018236755,"2025-05-06 15:13:08"
1034,"2025-18","0.0",3,3912632754451709567,"2025-05-06 20:58:57"
1035,"2025-18","0.0",3,3912632754451709567,"2025-05-06 20:58:57"
1036,"2025-18","Â∞èÊñ∞",2,6471165929930645266,"2025-05-06 23:00:39"
1037,"2025-18","Â∞èÊô®",2,8917877361427161516,"2025-05-07 09:50:07"
1038,"2025-18","Kevin",1,1458107165408545666,"2025-05-07 16:46:26"
1039,"2025-18","Michelle",2,1454256397763258139,"2025-05-07 22:28:05"
1040,"2025-18","Michelle",2,1454256397763258139,"2025-05-07 22:28:05"
1041,"2025-18","Â∞èÊô®",2,6100622262724312108,"2025-05-07 22:39:41"
1042,"2025-18","Shone",1,1368985490706744395,"2025-05-09 17:44:33"
1043,"2025-18","Helen",2,6942584482975806592,"2025-05-09 17:45:00"
1044,"2025-19","Helen",1,3340434663134298056,"2025-05-11 20:00:05"
1045,"2025-19","Helen",1,3340434663134298056,"2025-05-11 20:00:05"
1046,"2025-19","Ha",1,3340434663134298056,"2025-05-11 20:00:05"
1047,"2025-19","Michelle",1,3340434663134298056,"2025-05-11 20:00:05"
1048,"2025-19","Michelle",1,3340434663134298056,"2025-05-11 20:00:05"
1049,"2025-19","Jason",1,3340434663134298056,"2025-05-11 20:00:05"
1050,"2025-19","Ëè≤Ëè≤",1,3340434663134298056,"2025-05-11 20:00:05"
1051,"2025-19","Huiyi",1,3340434663134298056,"2025-05-11 20:00:05"
1052,"2025-19","che",1,3340434663134298056,"2025-05-11 20:00:05"
1053,"2025-19","victor",1,3340434663134298056,"2025-05-11 20:00:05"
1054,"2025-19","Leah",1,3266145061281472287,"2025-05-11 20:00:13"
1055,"2025-19","Kevin",1,7744097950326543434,"2025-05-11 20:00:17"
1056,"2025-19","Victor",1,8540301147497378248,"2025-05-11 20:42:46"
1057,"2025-19","Ha",2,8679268113354348131,"2025-05-11 21:10:34"
1058,"2025-19","0.0",1,3257526379070427079,"2025-05-11 22:41:09"
1059,"2025-19","Cheng",1,7736131594327741940,"2025-05-12 01:31:22"
1060,"2025-19","Michelle",2,7904975751285934988,"2025-05-12 11:27:14"
1061,"2025-19","Michelle",2,7904975751285934988,"2025-05-12 11:27:14"
1062,"2025-19","Helen",1,6728307787917346342,"2025-05-13 17:31:03"
1063,"2025-19","Quintus",1,3737425797675353880,"2025-05-14 01:30:01"
1064,"2025-19","Leah",2,9173351699553163544,"2025-05-15 13:18:59"
1065,"2025-19","0.0",2,2384409762841613581,"2025-05-15 13:44:43"
1066,"2025-19","June",1,6998701052187599585,"2025-05-15 13:52:36"
1067,"2025-19","üßä·¥±·µÄ·¥¥·¥¨‡Ωº·¥∫üßä",1,5943310167396480616,"2025-05-15 15:17:56"
1068,"2025-19","üßä·¥±·µÄ·¥¥·¥¨‡Ωº·¥∫üßä",2,4451659872171627927,"2025-05-16 10:17:03"
1069,"2025-19","„Ö§·Ö†„Ö§„Ö§„Ö§„Ö§ Terry",1,8356644208822352113,"2025-05-16 10:33:38"
1070,"2025-19","Henry",1,6169768965924986169,"2025-05-16 14:30:56"
1071,"2025-19","Ê¨ßÈò≥",1,6169768965924986169,"2025-05-16 14:30:56"
1072,"2025-19","Gordon",1,2010868467266948097,"2025-05-16 14:49:14"
1073,"2025-19","Henry",2,48473388916224522,"2025-05-16 19:21:21"
1074,"2025-19","Ê¨ßÈò≥",2,48473388916224522,"2025-05-16 19:21:21"
1075,"2025-19","June",1,4809003091935076200,"2025-05-16 23:06:16"
1076,"2025-19","June",1,4809003091935076200,"2025-05-16 23:06:16"
1077,"2025-19","Helen",2,4809003091935076200,"2025-05-16 23:06:16"
1078,"2025-19","Helen",2,4809003091935076200,"2025-05-16 23:06:16"
1079,"2025-20","Helen",1,261229461713526813,"2025-05-18 20:01:03"
1080,"2025-20","June",1,261229461713526813,"2025-05-18 20:01:03"
1081,"2025-20","Jason",1,261229461713526813,"2025-05-18 20:01:03"
1082,"2025-20","Ëè≤Ëè≤",1,261229461713526813,"2025-05-18 20:01:03"
1083,"2025-20","Che",1,261229461713526813,"2025-05-18 20:01:03"
1084,"2025-20","Huiyi",1,261229461713526813,"2025-05-18 20:01:03"
1085,"2025-20","Michelle",1,261229461713526813,"2025-05-18 20:01:03"
1086,"2025-20","Michelle",1,261229461713526813,"2025-05-18 20:01:03"
1087,"2025-20","Victor",1,261229461713526813,"2025-05-18 20:01:03"
1088,"2025-20","Sunnyboy",1,261229461713526813,"2025-05-18 20:01:03"
1089,"2025-20","Kevin",1,2387372696022452399,"2025-05-18 20:09:33"
1090,"2025-20","Kevin",1,2387372696022452399,"2025-05-18 20:09:33"
1091,"2025-20","Leah",1,8534587532738076544,"2025-05-18 20:22:25"
1092,"2025-20","Victor",1,9085458956197564635,"2025-05-18 20:23:04"
1093,"2025-20","Cheng",1,6050333217622110242,"2025-05-18 20:35:21"
1094,"2025-20","Ëè≤Ëè≤",2,6122258202473736699,"2025-05-19 14:52:13"
1095,"2025-20","Michelle",2,3485102535123312663,"2025-05-22 12:19:44"
1096,"2025-20","Michelle",2,3485102535123312663,"2025-05-22 12:19:44"
1097,"2025-20","0.0",1,7360147549948199033,"2025-05-22 12:30:58"
1098,"2025-20","Leah",2,8748270602393212633,"2025-05-22 13:11:38"
1099,"2025-20","simon",1,6454287588124007582,"2025-05-23 10:04:39"
1100,"2025-20","Helen",1,8509041868150379363,"2025-05-23 17:53:02"
1101,"2025-21","Jason",1,8271330484105464965,"2025-05-25 20:00:18"
1102,"2025-21","Ëè≤Ëè≤",1,8271330484105464965,"2025-05-25 20:00:18"
1103,"2025-21","Che",1,8271330484105464965,"2025-05-25 20:00:18"
1104,"2025-21","Huiyi",1,8271330484105464965,"2025-05-25 20:00:18"
1105,"2025-21","Michelle",1,8271330484105464965,"2025-05-25 20:00:18"
1106,"2025-21","Michelle",1,8271330484105464965,"2025-05-25 20:00:18"
1107,"2025-21","Sunnyboy",1,8271330484105464965,"2025-05-25 20:00:18"
1108,"2025-21","Ëè≤Ëè≤",2,6361448016577336747,"2025-05-25 20:02:20"
1109,"2025-21","Kevin",1,7488314377593167992,"2025-05-25 20:04:08"
1110,"2025-21","Kevin",1,7488314377593167992,"2025-05-25 20:04:08"
1111,"2025-21","Cheng",1,4971186931862055795,"2025-05-25 20:16:24"
1112,"2025-21","Victor",1,435593584868623014,"2025-05-25 20:24:10"
1113,"2025-21","0.0",1,1510264656950542909,"2025-05-25 20:43:38"
1114,"2025-21","Victor",2,940344469284252193,"2025-05-26 07:12:53"
1115,"2025-21","0.0",2,311500438427074628,"2025-05-28 11:10:25"
1116,"2025-21","Michelle",2,6356647126401966204,"2025-05-28 11:57:49"
1117,"2025-21","Michelle",2,6356647126401966204,"2025-05-28 11:57:49"
1118,"2025-21","simon",1,2487619623165867883,"2025-05-28 19:52:28"
1119,"2025-21","Jason",2,8699889976332366539,"2025-05-29 00:11:47"
1120,"2025-21","Sunnyboy",2,5954925129567977049,"2025-05-29 12:43:48"
1121,"2025-21","May",1,1358584867221150286,"2025-05-29 13:01:46"
1122,"2025-21","May",1,1358584867221150286,"2025-05-29 13:01:46"
1123,"2025-21","Cheng",2,7360500309120233528,"2025-05-29 18:14:19"
1124,"2025-21","Huiyi",2,30860464196343535,"2025-05-30 09:28:42"
1125,"2025-21","Che",2,3144802825646293388,"2025-05-30 13:13:42"
1126,"2025-22","Helen",1,5055066936102208934,"2025-06-01 20:01:52"
1127,"2025-22","June",1,5055066936102208934,"2025-06-01 20:01:52"
1128,"2025-22","Che",1,5055066936102208934,"2025-06-01 20:01:52"
1129,"2025-22","Huiyi",1,5055066936102208934,"2025-06-01 20:01:52"
1130,"2025-22","Victor",1,5055066936102208934,"2025-06-01 20:01:52"
1131,"2025-22","Victor",1,3705180083757346633,"2025-06-01 20:03:09"
1132,"2025-22","Ëë£Â§ßÂ£Æ",1,2381304843147027303,"2025-06-01 20:03:25"
1133,"2025-22","0.0",1,769421216372009129,"2025-06-01 20:03:50"
1134,"2025-22","‰øÆüèÇ",1,2054769614715947142,"2025-06-01 20:04:32"
1135,"2025-22","Ciara.W",1,7925908078811857653,"2025-06-01 20:20:48"
1136,"2025-22","Ciara.W",1,7925908078811857653,"2025-06-01 20:20:48"
1137,"2025-22","Kevin",1,2227941108565726329,"2025-06-01 20:35:18"
1138,"2025-22","Kevin",1,2227941108565726329,"2025-06-01 20:35:18"
1139,"2025-22","Ciara.W",2,3445127608930889507,"2025-06-01 22:24:34"
1140,"2025-22","Ciara.W",2,3445127608930889507,"2025-06-01 22:24:34"
1141,"2025-22","Cheng",1,9137821973345296370,"2025-06-02 00:52:57"
1142,"2025-22","Kevin",1,4760392460497098969,"2025-06-03 10:50:41"
1143,"2025-22","0.0",1,7477241394803670145,"2025-06-03 15:19:38"
1144,"2025-22","Quintus",1,8010078113668206925,"2025-06-04 21:00:17"
1145,"2025-22","Jassoonk",1,7168257223058196776,"2025-06-04 22:45:37"
1146,"2025-22","Jassoonk",1,1896833102772009564,"2025-06-04 22:45:45"
1147,"2025-22","Henry Wang",1,2119790777532264144,"2025-06-06 10:46:59"
1148,"2025-22","June",2,8211942969090509403,"2025-06-06 13:13:55"
1149,"2025-22","Jassoonk",3,3410258157905931073,"2025-06-06 13:42:54"
1150,"2025-22","Jassoonk",3,3410258157905931073,"2025-06-06 13:42:54"
1151,"2025-22","Henry Wang",3,87610735549791870,"2025-06-06 14:48:30"
1152,"2025-22","Henry",1,721718864601028117,"2025-06-06 17:01:54"
1153,"2025-22","Huiyi",2,4185533025418221911,"2025-06-06 18:53:44"
1154,"2025-23","Helen",1,6923139631412091847,"2025-06-08 20:01:05"
1155,"2025-23","Leah",1,6923139631412091847,"2025-06-08 20:01:05"
1156,"2025-23","Che",1,6923139631412091847,"2025-06-08 20:01:05"
1157,"2025-23","Huiyi",1,6923139631412091847,"2025-06-08 20:01:05"
1158,"2025-23","Jason",1,6923139631412091847,"2025-06-08 20:01:05"
1159,"2025-23","Â∞èÊô®",1,6923139631412091847,"2025-06-08 20:01:05"
1160,"2025-23","Â∞èÊñ∞",1,6923139631412091847,"2025-06-08 20:01:05"
1161,"2025-23","Sunnyboy",1,6923139631412091847,"2025-06-08 20:01:05"
1162,"2025-23","Victor",1,6923139631412091847,"2025-06-08 20:01:05"
1163,"2025-23","0.0",1,6923139631412091847,"2025-06-08 20:01:05"
1164,"2025-23","0.0",1,6923139631412091847,"2025-06-08 20:01:05"
1165,"2025-23","Kevin",1,1172645922039154093,"2025-06-08 20:01:24"
1166,"2025-23","Kevin",1,1172645922039154093,"2025-06-08 20:01:24"
1167,"2025-23","Jassoonk",1,5346888188447603672,"2025-06-08 20:04:19"
1168,"2025-23","Jassoonk",1,5346888188447603672,"2025-06-08 20:04:19"
1169,"2025-23","Victor",1,2302863048216233919,"2025-06-08 20:57:48"
1170,"2025-23","Anson L",1,3844709192593825406,"2025-06-08 22:07:12"
1171,"2025-23","Cheng",1,8294313423980136206,"2025-06-09 00:58:02"
1172,"2025-23","Michelle",1,4468655887018213713,"2025-06-09 09:53:31"
1173,"2025-23","Julia",1,3924430713286114901,"2025-06-09 15:24:38"
1174,"2025-23","Julia",1,3924430713286114901,"2025-06-09 15:24:38"
1175,"2025-23","Ëë£Â§ßÂ£Æ",1,8349674780893114183,"2025-06-09 16:25:24"
1176,"2025-23","Victor",2,6934230101272283536,"2025-06-09 22:26:17"
1177,"2025-23","Quintus",1,8393300640405400881,"2025-06-10 00:25:56"
1178,"2025-23","Julia",3,3830756890604750094,"2025-06-11 13:55:18"
1179,"2025-23","Julia",3,3830756890604750094,"2025-06-11 13:55:18"
1180,"2025-23","Che",2,3616029219600144960,"2025-06-12 11:53:59"
1181,"2025-23","Ëë£Â§ßÂ£Æ",3,6365770831403755613,"2025-06-12 21:43:40"
1182,"2025-23","Michelle",3,7754983265929413661,"2025-06-12 23:44:53"
1183,"2025-23","Â∞èÊñ∞",2,1653362008660081036,"2025-06-13 10:59:34"
1184,"2025-23","Anson L",3,4509702430390710366,"2025-06-13 16:17:10"
1185,"2025-23","Helen",2,5613380976120070241,"2025-06-13 21:46:56"
1186,"2025-24","Helen",1,7866520432910222215,"2025-06-15 20:00:10"
1187,"2025-24","Che",1,7866520432910222215,"2025-06-15 20:00:10"
1188,"2025-24","Huiyi",1,7866520432910222215,"2025-06-15 20:00:10"
1189,"2025-24","Â∞èÊô®",1,7866520432910222215,"2025-06-15 20:00:10"
1190,"2025-24","Â∞èÊñ∞",1,7866520432910222215,"2025-06-15 20:00:10"
1191,"2025-24","Jason",1,7866520432910222215,"2025-06-15 20:00:10"
1192,"2025-24","Sunnyboy",1,7866520432910222215,"2025-06-15 20:00:10"
1193,"2025-24","Victor",1,7866520432910222215,"2025-06-15 20:00:10"
1194,"2025-24","Victor",1,7866520432910222215,"2025-06-15 20:00:10"
1195,"2025-24","Cheng",1,7866520432910222215,"2025-06-15 20:00:10"
1196,"2025-24","0.0",1,7866520432910222215,"2025-06-15 20:00:10"
1197,"2025-24","0.0",1,7866520432910222215,"2025-06-15 20:00:10"
1198,"2025-24","Jassoonk",1,4233200929893740785,"2025-06-15 20:00:58"
1199,"2025-24","Jassoonk",1,4233200929893740785,"2025-06-15 20:00:58"
1200,"2025-24","SunnyBoy",1,9174269069772851646,"2025-06-15 20:19:00"
1201,"2025-24","Jason",2,7471683171857679605,"2025-06-15 20:32:38"
1202,"2025-24","Anson",1,9217405483606240446,"2025-06-15 20:34:13"
1203,"2025-24","SunnyBoy",2,9217405483606240446,"2025-06-15 20:34:13"
1204,"2025-24","SunnyBoy",1,4259220427331242524,"2025-06-15 20:47:29"
1205,"2025-24","Â∞èÊô®",1,2813251065009099947,"2025-06-15 20:50:43"
1206,"2025-24","Kevin",1,5538301301253072656,"2025-06-15 21:13:17"
1207,"2025-24","Kevin",1,5538301301253072656,"2025-06-15 21:13:17"
1208,"2025-24","SunnyBoy",3,8313621410588450905,"2025-06-16 18:04:35"
1209,"2025-24","Ëè≤Â∞ºÂÖãÊñØÔºåÂç°ÁöÆÂ∑¥Êãâ",1,1029802186871486064,"2025-06-16 21:51:52"
1210,"2025-24","Â∞èÊñ∞",2,7023439988018319877,"2025-06-19 15:38:52"
1211,"2025-24","Helen",1,7023439988018319877,"2025-06-19 15:38:52"
1212,"2025-24","Helen",1,7293443817939252098,"2025-06-19 16:11:29"
1213,"2025-24","Kevin",2,5572608805468396377,"2025-06-19 17:29:07"
1214,"2025-24","Henry",1,283631297452454404,"2025-06-19 18:41:24"
1215,"2025-24","Victor",1,3971145098361297629,"2025-06-19 20:39:57"
1216,"2025-24","Â∞èÊô®",2,6596445902392921040,"2025-06-20 10:18:55"
1217,"2025-24","Helen",2,7866520432910222215,"2025-06-20 18:53:12"
1218,"2025-25","Helen",1,2984914562950873728,"2025-06-22 20:00:01"
1219,"2025-25","Â∞èÊô®",1,2984914562950873728,"2025-06-22 20:00:01"
1220,"2025-25","che",1,2984914562950873728,"2025-06-22 20:00:01"
1221,"2025-25","leah",1,2984914562950873728,"2025-06-22 20:00:01"
1222,"2025-25","Jason",1,2984914562950873728,"2025-06-22 20:00:01"
1223,"2025-25","Ëè≤Ëè≤",1,2984914562950873728,"2025-06-22 20:00:01"
1224,"2025-25","Victor",1,2984914562950873728,"2025-06-22 20:00:01"
1225,"2025-25","Sunnyboy",1,2984914562950873728,"2025-06-22 20:00:01"
1226,"2025-25","0.0",1,2984914562950873728,"2025-06-22 20:00:01"
1227,"2025-25","0.0",1,2984914562950873728,"2025-06-22 20:00:01"
1228,"2025-25","Kevin",1,3107403125805509941,"2025-06-22 20:00:20"
1229,"2025-25","Kevin",1,3107403125805509941,"2025-06-22 20:00:20"
1230,"2025-25","Cheng",1,7572805015413916299,"2025-06-22 20:00:36"
1231,"2025-25","Jassoonk",1,7659502436226471207,"2025-06-22 20:00:38"
1232,"2025-25","SunnyBoy",1,5724381045588478409,"2025-06-22 20:01:57"
1233,"2025-25","SunnyBoy",1,4302199995931238543,"2025-06-22 20:02:08"
1234,"2025-25","Victor",1,8655348005293154547,"2025-06-22 20:33:13"
1235,"2025-25","SunnyBoy",1,1702713587622056815,"2025-06-22 21:20:20"
1236,"2025-25","SunnyBoy",2,8960148857909445032,"2025-06-22 21:20:27"
1237,"2025-25","SunnyBoy",1,1432840933890599209,"2025-06-22 21:20:39"
1238,"2025-25","SunnyBoy",1,267670837414070642,"2025-06-22 21:21:00"
1239,"2025-25","Anson",1,8122119687606700486,"2025-06-22 21:21:33"
1240,"2025-25","SunnyBoy",3,8960148857909445032,"2025-06-23 13:28:19"
1241,"2025-25","SunnyBoy",3,8960148857909445032,"2025-06-23 13:28:19"
1242,"2025-25","SunnyBoy",3,8960148857909445032,"2025-06-23 13:28:19"
1243,"2025-25","June",1,2746927626841915213,"2025-06-24 11:48:21"
1244,"2025-25","Victor",3,1359759146843325383,"2025-06-24 11:57:00"
1245,"2025-25","Jeremy",1,641058589707236225,"2025-06-25 12:01:07"
1246,"2025-25","Anson",1,8350797766773948404,"2025-06-26 15:33:00"
1247,"2025-25","Wilson",1,5743880713896123101,"2025-06-26 15:33:16"
1248,"2025-25","Anson",2,5743880713896123101,"2025-06-26 15:33:16"
1249,"2025-25","0.0",2,6780437284117286548,"2025-06-26 23:00:08"
1250,"2025-25","Huiyi",1,3443651572308211730,"2025-06-27 15:32:51"
1251,"2025-25","ÁÉüÁÅ´",1,6442675925787561574,"2025-06-27 15:33:15"
1252,"2025-25","ÁÉüÁÅ´",3,4934554569600913212,"2025-06-27 18:30:57"
1253,"2025-25","ÂïäÊ®π",1,2021070006340428951,"2025-06-27 18:35:29"
1254,"2025-25","Jeremy",2,4609534481297490446,"2025-06-27 18:43:59"
1255,"2025-25","leah",2,2984914562950873728,"2025-06-27 18:54:46"
1256,"2025-25","ATYNAT",1,2474410914655740314,"2025-06-27 19:49:56"
1257,"2025-26","Helen",1,6467431335426907172,"2025-06-29 20:00:37"
1258,"2025-26","June",1,6467431335426907172,"2025-06-29 20:00:37"
1259,"2025-26","Huiyi",1,6467431335426907172,"2025-06-29 20:00:37"
1260,"2025-26","Che",1,6467431335426907172,"2025-06-29 20:00:37"
1261,"2025-26","Leah",1,6467431335426907172,"2025-06-29 20:00:37"
1262,"2025-26","Â∞èÊô®",1,6467431335426907172,"2025-06-29 20:00:37"
1263,"2025-26","Jason",1,6467431335426907172,"2025-06-29 20:00:37"
1264,"2025-26","Ëè≤Ëè≤",1,6467431335426907172,"2025-06-29 20:00:37"
1265,"2025-26","sunnyboy",1,6467431335426907172,"2025-06-29 20:00:37"
1266,"2025-26","victor",1,6467431335426907172,"2025-06-29 20:00:37"
1267,"2025-26","cheng",1,6467431335426907172,"2025-06-29 20:00:37"
1268,"2025-26","Jassoonk",1,676366762242747723,"2025-06-29 20:00:45"
1269,"2025-26","Jeremy",1,2705789839464863816,"2025-06-29 20:09:42"
1270,"2025-26","SunnyBoy",1,7051005116253979898,"2025-06-29 20:34:27"
1271,"2025-26","SunnyBoy",1,5268906512709186529,"2025-06-29 20:34:37"
1272,"2025-26","Henry Wang",1,5615691455400845100,"2025-06-29 20:37:21"
1273,"2025-26","Kevin",1,2368637482858224572,"2025-06-29 20:40:06"
1274,"2025-26","Kevin",1,2368637482858224572,"2025-06-29 20:40:06"
1275,"2025-26","June",2,7900129638394589835,"2025-06-29 21:05:45"
1276,"2025-26","victor",2,7900129638394589835,"2025-06-29 21:05:45"
1277,"2025-26","0.0",1,5665145986861611544,"2025-06-29 23:15:40"
1278,"2025-26","0.0",1,6063669761599117722,"2025-06-29 23:38:27"
1279,"2025-26","Anson",1,2589262917822637486,"2025-06-30 01:54:35"
1280,"2025-26","Simon",1,2351086943144784445,"2025-06-30 08:03:31"
1281,"2025-26","Anson",2,7715056016840629274,"2025-06-30 09:56:07"
1282,"2025-26","SunnyBoy",2,3661764741764493475,"2025-06-30 10:03:55"
1283,"2025-26","Che",2,4593152274099954517,"2025-07-01 13:24:50"
1284,"2025-26","Anson",3,5241022292661066323,"2025-07-02 00:03:48"
1285,"2025-26","0.0",2,5034912591547298928,"2025-07-02 10:08:17"
1286,"2025-26","SunnyBoy",3,2899529609673554811,"2025-07-02 10:10:44"
1287,"2025-26","Leo",1,2140302780793941634,"2025-07-02 10:50:19"
1288,"2025-26","Huiyi",2,6467431335426907172,"2025-07-03 11:17:46"
1289,"2025-26","sunnyboy",2,1153113736792592564,"2025-07-04 00:10:51"
1290,"2025-26","Simon",2,8557690299493388918,"2025-07-04 09:57:02"
1291,"2025-26","Jane",1,7080076799095662823,"2025-07-04 11:50:17"
1292,"2025-26","Shone",1,1917890431677151692,"2025-07-04 19:22:42"
1293,"2025-26","Jeremy",2,1870335705060976558,"2025-07-04 19:22:53"
1294,"2025-27","Â∞èÊô®",1,3985584181693429186,"2025-07-06 20:00:32"
1295,"2025-27","Huiyi",1,3985584181693429186,"2025-07-06 20:00:32"
1296,"2025-27","Leah",1,3985584181693429186,"2025-07-06 20:00:32"
1297,"2025-27","Che",1,3985584181693429186,"2025-07-06 20:00:32"
1298,"2025-27","Ëè≤Ëè≤",1,3985584181693429186,"2025-07-06 20:00:32"
1299,"2025-27","Jason",1,3985584181693429186,"2025-07-06 20:00:32"
1300,"2025-27","Sunnyboy",1,3985584181693429186,"2025-07-06 20:00:32"
1301,"2025-27","Cheng",1,3985584181693429186,"2025-07-06 20:00:32"
1302,"2025-27","Victor",1,3985584181693429186,"2025-07-06 20:00:32"
1303,"2025-27","Victor",1,5628838520368326488,"2025-07-06 20:00:38"
1304,"2025-27","Jassoonk",1,6220308385457217704,"2025-07-06 20:00:43"
1305,"2025-27","0.0",1,7611055779214937896,"2025-07-06 20:02:22"
1306,"2025-27","Kevin",1,8751775086867210553,"2025-07-06 20:03:39"
1307,"2025-27","Kevin",1,8751775086867210553,"2025-07-06 20:03:39"
1308,"2025-27","Jeremy",1,5979572840189556537,"2025-07-06 23:49:33"
1309,"2025-27","0.0",1,7643511635231896485,"2025-07-06 23:50:01"
1310,"2025-27","Anson",1,1705600576609501267,"2025-07-07 01:00:00"
1311,"2025-27","0.0",2,8899830645590363367,"2025-07-07 13:08:21"
1312,"2025-27","Henry Wang",1,4397697851578207321,"2025-07-07 22:36:44"
1313,"2025-27","Henry Wang",3,4397697851578207321,"2025-07-07 22:36:44"
1314,"2025-27","Che",2,3985584181693429186,"2025-07-08 12:54:52"
1315,"2025-27","RED",1,2093831417160794168,"2025-07-08 14:19:40"
1316,"2025-27","Haoqi",1,1652303438268141590,"2025-07-09 09:49:04"
1317,"2025-27","Jassoonk",2,3256505598190203229,"2025-07-09 14:52:25"
1318,"2025-27","Victor",2,3372666962047779490,"2025-07-10 08:33:27"
1319,"2025-27","Victor",2,6855804124561638438,"2025-07-10 09:48:19"
1320,"2025-27","Haoqi",2,4323825700067318301,"2025-07-11 08:00:19"
1321,"2025-27","Car",1,4590474152550003722,"2025-07-11 09:37:49"
1322,"2025-27","Shone ÔºàWL)",1,8053343873589121239,"2025-07-11 19:11:27"
1323,"2025-27","Jeremy",2,3608659453307046566,"2025-07-11 19:20:29"
1324,"2025-28","Helen",1,2711193811201583356,"2025-07-13 20:00:04"
1325,"2025-28","June",1,2711193811201583356,"2025-07-13 20:00:04"
1326,"2025-28","Ëè≤Ëè≤",1,2711193811201583356,"2025-07-13 20:00:04"
1327,"2025-28","Huiyi",1,2711193811201583356,"2025-07-13 20:00:04"
1328,"2025-28","Che",1,2711193811201583356,"2025-07-13 20:00:04"
1329,"2025-28","Â∞èÊô®",1,2711193811201583356,"2025-07-13 20:00:04"
1330,"2025-28","Leah",1,2711193811201583356,"2025-07-13 20:00:04"
1331,"2025-28","Cheng",1,2711193811201583356,"2025-07-13 20:00:04"
1332,"2025-28","Victor",1,2711193811201583356,"2025-07-13 20:00:04"
1333,"2025-28","Jason",1,2711193811201583356,"2025-07-13 20:00:04"
1334,"2025-28","0.0",1,4809708471693576484,"2025-07-13 20:00:11"
1335,"2025-28","Jassoonk",1,4311158830665843887,"2025-07-13 20:00:21"
1336,"2025-28","Â∞èÊñ∞",1,7689615010617187800,"2025-07-13 20:01:37"
1337,"2025-28","LH",1,7689615010617187800,"2025-07-13 20:01:37"
1338,"2025-28","Victor",1,8057034434430087063,"2025-07-13 20:02:51"
1339,"2025-28","Kevin",1,1479533884700439641,"2025-07-13 20:26:26"
1340,"2025-28","Kevin",1,1479533884700439641,"2025-07-13 20:26:26"
1341,"2025-28","Henry Wang",1,4165897321225174533,"2025-07-13 20:48:42"
1342,"2025-28","Jeremy",1,9171495893559119442,"2025-07-14 10:50:52"
1343,"2025-28","RED",1,4726150307719041586,"2025-07-14 12:08:12"
1344,"2025-28","ÁæΩÁì¥Sherry",1,1447441218117038255,"2025-07-14 21:06:36"
1345,"2025-28","Carrie",1,3331002655215529247,"2025-07-15 08:53:32"
1346,"2025-28","C",1,3331002655215529247,"2025-07-15 08:53:32"
1347,"2025-28","Jeremy",2,3612472774896905352,"2025-07-15 22:00:04"
1348,"2025-28","ÁæΩÁì¥Sherry",2,5519566203469055705,"2025-07-16 21:12:54"
1349,"2025-28","Huiyi",1,2226513440011014481,"2025-07-16 22:57:24"
1350,"2025-28","Che",2,2226513440011014481,"2025-07-16 22:57:24"
1351,"2025-28","Carrie",2,273553793054319612,"2025-07-17 11:30:03"
1352,"2025-28","Henry Wang",2,726115054773505109,"2025-07-17 19:47:30"
1353,"2025-28","C",3,5508313879882833946,"2025-07-18 00:10:57"
1354,"2025-28","Jassoonk",2,6978518470585156340,"2025-07-18 14:29:34"
1355,"2025-28","Kevin",2,8199893772322943639,"2025-07-18 14:29:37"
1356,"2025-28","Kevin",2,8199893772322943639,"2025-07-18 14:29:37"
1357,"2025-28","Huiyi",2,5288403429199700119,"2025-07-18 15:45:43"
1358,"2025-28","Huiyi",2,5288403429199700119,"2025-07-18 15:45:43"
1359,"2025-28","Henry Wang",1,2711193811201583356,"2025-07-18 17:48:33"
1360,"2025-29","Helen",1,6443892001061218747,"2025-07-20 20:00:45"
1361,"2025-29","Ëè≤Ëè≤",1,3549717799039907935,"2025-07-20 20:01:14"
1362,"2025-29","Jason",1,3549717799039907935,"2025-07-20 20:01:14"
1363,"2025-29","Huiyi",1,3549717799039907935,"2025-07-20 20:01:14"
1364,"2025-29","Â∞èÊô®",1,3549717799039907935,"2025-07-20 20:01:14"
1365,"2025-29","0.0",1,3549717799039907935,"2025-07-20 20:01:14"
1366,"2025-29","victor",1,3549717799039907935,"2025-07-20 20:01:14"
1367,"2025-29","Kevin",1,2748588174707533666,"2025-07-20 20:01:18"
1368,"2025-29","Kevin",1,2748588174707533666,"2025-07-20 20:01:18"
1369,"2025-29","Victor",1,3072377015447135221,"2025-07-20 20:01:37"
1370,"2025-29","Jassoonk",1,8061739752766287905,"2025-07-20 20:01:45"
1371,"2025-29","Henry Wang",1,7190012857720382436,"2025-07-20 20:12:50"
1372,"2025-29","Huiyi",1,5826191719859591476,"2025-07-20 20:18:37"
1373,"2025-29","Helen",2,3802096199516220552,"2025-07-20 20:20:25"
1374,"2025-29","Julia",1,1172215228025856485,"2025-07-20 20:33:25"
1375,"2025-29","Julia",1,1172215228025856485,"2025-07-20 20:33:25"
1376,"2025-29","Anson",1,6187558464057640987,"2025-07-20 20:36:57"
1377,"2025-29","Jane",1,7906346297678959688,"2025-07-20 20:42:56"
1378,"2025-29","Â∞èÊñ∞",1,6241901387030785633,"2025-07-20 21:13:42"
1379,"2025-29","Huiyi",2,6241901387030785633,"2025-07-20 21:13:42"
1380,"2025-29","Cheng",1,7169109617995288231,"2025-07-20 21:14:32"
1381,"2025-29","RED",1,258503479073588716,"2025-07-20 21:22:00"
1382,"2025-29","Chee",1,1704065385887128707,"2025-07-22 15:09:07"
1383,"2025-29","Jassoonk",1,9134315761977402198,"2025-07-23 11:44:05"
1384,"2025-29","Â∞èÊñ∞",2,4989738406922837385,"2025-07-24 09:40:21"
1385,"2025-29","Â∞èÊô®",2,3357665952831211567,"2025-07-24 19:39:04"
1386,"2025-29","Huiyi",2,3357665952831211567,"2025-07-24 19:39:04"
1387,"2025-29","Victor",2,1162047597049394345,"2025-07-24 20:17:10"
1388,"2025-29","Cheng",2,4259841488932900150,"2025-07-24 20:20:02"
1389,"2025-29","ÁÉüÁÅ´",1,6928418236931415566,"2025-07-25 17:04:32"
